source,artifact_type,status,generated_at,generated_age_seconds,profile,model,quantization,prompt_suite_sha256,command_sha256,launch_plan_sha256,environment_sha256,host_platform,host_machine,qemu_version,qemu_bin,prompts,expected_token_prompts,expected_tokens_total,expected_tokens_matches,expected_tokens_mismatches,total_tokens,total_elapsed_us,measured_runs,warmup_runs,median_tok_per_s,wall_tok_per_s_median,ttft_us_p95,host_overhead_pct_median,host_child_cpu_us_median,host_child_cpu_pct_median,host_child_tok_per_cpu_s_median,host_child_peak_rss_bytes_max,us_per_token_median,wall_us_per_token_median,memory_bytes_per_token_median,memory_bytes_per_token_max,serial_output_bytes_total,serial_output_bytes_max,max_memory_bytes,telemetry_status,telemetry_findings,command_hash_status,command_hash_findings,command_airgap_status,command_findings,commit,current_commit,current_commit_match,commit_status,commit_findings,freshness_status,freshness_findings
bench/results/qemu_prompt_bench_20260427T144137Z.json,qemu_prompt,pass,2026-04-27T14:41:37Z,182324,synthetic-airgap-smoke,synthetic-smoke,Q4_0,,,,,,,,,,,,0,0,,,6,0,160.0,,,,,,,,,,,,,,,pass,[],unknown,"[""qemu_prompt: missing command_sha256 metadata""]",pass,[],5b98f2570b1c,75dac314e2e0,False,pass,[],unchecked,[]
bench/results/qemu_prompt_bench_20260427T161259Z.json,qemu_prompt,pass,2026-04-27T16:12:59Z,176842,synthetic-airgap-smoke,synthetic-smoke,Q4_0,,,,,,,,,,,,0,0,,,6,0,160.0,,,,,,,,,,,,,,,pass,[],unknown,"[""qemu_prompt: missing command_sha256 metadata""]",pass,[],85cce7c2f224,75dac314e2e0,False,pass,[],unchecked,[]
bench/results/qemu_prompt_bench_20260427T170437Z.json,qemu_prompt,pass,2026-04-27T17:04:37Z,173744,synthetic-airgap-smoke,synthetic-smoke,Q4_0,,,,,,,,,,,,0,0,,,6,0,160.0,,,,,,,,,,,,,,67207168,pass,[],unknown,"[""qemu_prompt: missing command_sha256 metadata""]",pass,[],3f9df4f0bd7a,75dac314e2e0,False,pass,[],unchecked,[]
bench/results/qemu_prompt_bench_20260427T172021Z.json,qemu_prompt,pass,2026-04-27T17:20:21Z,172800,synthetic-airgap-smoke,synthetic-smoke,Q4_0,,,,,,,,,,,,0,0,,,6,0,160.0,,,,,,,,,,,,,,67207168,pass,[],unknown,"[""qemu_prompt: missing command_sha256 metadata""]",pass,[],e71bfc15a184,75dac314e2e0,False,pass,[],unchecked,[]
bench/results/qemu_prompt_bench_20260427T180219Z.json,qemu_prompt,pass,2026-04-27T18:02:19Z,170282,synthetic-airgap-smoke,synthetic-smoke,Q4_0,,,,,,,,,,,,0,0,,,6,2,160.0,,,,,,,,,,,,,,67207168,pass,[],unknown,"[""qemu_prompt: missing command_sha256 metadata""]",pass,[],7f007ced1a84,75dac314e2e0,False,pass,[],unchecked,[]
bench/results/bench_matrix_20260427T182910Z/ci-airgap-smoke_synthetic-smoke_Q4_0/qemu_prompt_bench_20260427T182911Z.json,qemu_prompt,pass,2026-04-27T18:29:11Z,168670,ci-airgap-smoke,synthetic-smoke,Q4_0,,,,,,,,,,,,0,0,,,4,2,160.0,,,,,,,,,,,,,,67207168,pass,[],unknown,"[""qemu_prompt: missing command_sha256 metadata""]",pass,[],21ad93152049,75dac314e2e0,False,pass,[],unchecked,[]
bench/results/bench_matrix_20260427T182910Z/ci-airgap-smoke_synthetic-smoke_Q4_0/qemu_prompt_bench_latest.json,qemu_prompt,pass,2026-04-27T18:29:11Z,168670,ci-airgap-smoke,synthetic-smoke,Q4_0,,,,,,,,,,,,0,0,,,4,2,160.0,,,,,,,,,,,,,,67207168,pass,[],unknown,"[""qemu_prompt: missing command_sha256 metadata""]",pass,[],21ad93152049,75dac314e2e0,False,pass,[],unchecked,[]
bench/results/bench_matrix_20260427T182910Z/ci-airgap-smoke_synthetic-smoke_Q8_0/qemu_prompt_bench_20260427T182911Z.json,qemu_prompt,pass,2026-04-27T18:29:11Z,168670,ci-airgap-smoke,synthetic-smoke,Q8_0,,,,,,,,,,,,0,0,,,4,2,160.0,,,,,,,,,,,,,,67207168,pass,[],unknown,"[""qemu_prompt: missing command_sha256 metadata""]",pass,[],21ad93152049,75dac314e2e0,False,pass,[],unchecked,[]
bench/results/bench_matrix_20260427T182910Z/ci-airgap-smoke_synthetic-smoke_Q8_0/qemu_prompt_bench_latest.json,qemu_prompt,pass,2026-04-27T18:29:11Z,168670,ci-airgap-smoke,synthetic-smoke,Q8_0,,,,,,,,,,,,0,0,,,4,2,160.0,,,,,,,,,,,,,,67207168,pass,[],unknown,"[""qemu_prompt: missing command_sha256 metadata""]",pass,[],21ad93152049,75dac314e2e0,False,pass,[],unchecked,[]
bench/results/bench_matrix_20260427T183959Z/ci-airgap-smoke_synthetic-smoke_Q4_0/qemu_prompt_bench_20260427T184001Z.json,qemu_prompt,pass,2026-04-27T18:40:01Z,168020,ci-airgap-smoke,synthetic-smoke,Q4_0,,,,,,,,,,,,0,0,,,4,2,160.0,,,,,,,,,,,,,,67207168,pass,[],unknown,"[""qemu_prompt: missing command_sha256 metadata""]",pass,[],5bf1fd7158fd,75dac314e2e0,False,pass,[],unchecked,[]
bench/results/bench_matrix_20260427T183959Z/ci-airgap-smoke_synthetic-smoke_Q4_0/qemu_prompt_bench_latest.json,qemu_prompt,pass,2026-04-27T18:40:01Z,168020,ci-airgap-smoke,synthetic-smoke,Q4_0,,,,,,,,,,,,0,0,,,4,2,160.0,,,,,,,,,,,,,,67207168,pass,[],unknown,"[""qemu_prompt: missing command_sha256 metadata""]",pass,[],5bf1fd7158fd,75dac314e2e0,False,pass,[],unchecked,[]
bench/results/bench_matrix_20260427T183959Z/ci-airgap-smoke_synthetic-smoke_Q8_0/qemu_prompt_bench_20260427T184001Z.json,qemu_prompt,pass,2026-04-27T18:40:01Z,168020,ci-airgap-smoke,synthetic-smoke,Q8_0,,,,,,,,,,,,0,0,,,4,2,160.0,,,,,,,,,,,,,,67207168,pass,[],unknown,"[""qemu_prompt: missing command_sha256 metadata""]",pass,[],5bf1fd7158fd,75dac314e2e0,False,pass,[],unchecked,[]
bench/results/bench_matrix_20260427T183959Z/ci-airgap-smoke_synthetic-smoke_Q8_0/qemu_prompt_bench_latest.json,qemu_prompt,pass,2026-04-27T18:40:01Z,168020,ci-airgap-smoke,synthetic-smoke,Q8_0,,,,,,,,,,,,0,0,,,4,2,160.0,,,,,,,,,,,,,,67207168,pass,[],unknown,"[""qemu_prompt: missing command_sha256 metadata""]",pass,[],5bf1fd7158fd,75dac314e2e0,False,pass,[],unchecked,[]
bench/results/qemu_prompt_bench_20260427T192232Z.json,qemu_prompt,pass,2026-04-27T19:22:32Z,165469,synthetic-airgap-smoke,synthetic-smoke,Q4_0,,,,,,,,,2,,,0,0,240,1500000,6,0,160.0,,,,,,,,,,,,,,67207168,pass,[],unknown,"[""qemu_prompt: missing command_sha256 metadata""]",pass,[],708be92b565a,75dac314e2e0,False,pass,[],unchecked,[]
bench/results/qemu_prompt_bench_20260427T200233Z.json,qemu_prompt,pass,2026-04-27T20:02:33Z,163068,synthetic-airgap-smoke,synthetic-smoke,Q4_0,68fc621f9f3916e73aa05b83ba0fa8da9f3cffad22a1c29f5acf8980d8dd743a,,,,,,,,2,,,0,0,240,1500000,6,0,160.0,,,,,,,,,,,,,,67207168,pass,[],unknown,"[""qemu_prompt: missing command_sha256 metadata""]",pass,[],786eee1bfa27,75dac314e2e0,False,pass,[],unchecked,[]
bench/results/bench_matrix_20260427T200249Z/ci-airgap-smoke_synthetic-smoke_Q4_0/qemu_prompt_bench_20260427T200250Z.json,qemu_prompt,pass,2026-04-27T20:02:50Z,163051,ci-airgap-smoke,synthetic-smoke,Q4_0,68fc621f9f3916e73aa05b83ba0fa8da9f3cffad22a1c29f5acf8980d8dd743a,,,,,,,,2,,,0,0,160,1000000,4,2,160.0,,,,,,,,,,,,,,67207168,pass,[],unknown,"[""qemu_prompt: missing command_sha256 metadata""]",pass,[],786eee1bfa27,75dac314e2e0,False,pass,[],unchecked,[]
bench/results/bench_matrix_20260427T200249Z/ci-airgap-smoke_synthetic-smoke_Q4_0/qemu_prompt_bench_latest.json,qemu_prompt,pass,2026-04-27T20:02:50Z,163051,ci-airgap-smoke,synthetic-smoke,Q4_0,68fc621f9f3916e73aa05b83ba0fa8da9f3cffad22a1c29f5acf8980d8dd743a,,,,,,,,2,,,0,0,160,1000000,4,2,160.0,,,,,,,,,,,,,,67207168,pass,[],unknown,"[""qemu_prompt: missing command_sha256 metadata""]",pass,[],786eee1bfa27,75dac314e2e0,False,pass,[],unchecked,[]
bench/results/bench_matrix_20260427T200249Z/ci-airgap-smoke_synthetic-smoke_Q8_0/qemu_prompt_bench_20260427T200250Z.json,qemu_prompt,pass,2026-04-27T20:02:50Z,163051,ci-airgap-smoke,synthetic-smoke,Q8_0,68fc621f9f3916e73aa05b83ba0fa8da9f3cffad22a1c29f5acf8980d8dd743a,,,,,,,,2,,,0,0,160,1000000,4,2,160.0,,,,,,,,,,,,,,67207168,pass,[],unknown,"[""qemu_prompt: missing command_sha256 metadata""]",pass,[],786eee1bfa27,75dac314e2e0,False,pass,[],unchecked,[]
bench/results/bench_matrix_20260427T200249Z/ci-airgap-smoke_synthetic-smoke_Q8_0/qemu_prompt_bench_latest.json,qemu_prompt,pass,2026-04-27T20:02:50Z,163051,ci-airgap-smoke,synthetic-smoke,Q8_0,68fc621f9f3916e73aa05b83ba0fa8da9f3cffad22a1c29f5acf8980d8dd743a,,,,,,,,2,,,0,0,160,1000000,4,2,160.0,,,,,,,,,,,,,,67207168,pass,[],unknown,"[""qemu_prompt: missing command_sha256 metadata""]",pass,[],786eee1bfa27,75dac314e2e0,False,pass,[],unchecked,[]
bench/results/qemu_prompt_bench_20260427T220828Z.json,qemu_prompt,pass,2026-04-27T22:08:28Z,155513,synthetic-airgap-smoke,synthetic-smoke,Q4_0,68fc621f9f3916e73aa05b83ba0fa8da9f3cffad22a1c29f5acf8980d8dd743a,,,,,,,,2,,,0,0,240,1500000,6,0,160.0,,,,,,,,,,,,,,67207168,pass,[],unknown,"[""qemu_prompt: missing command_sha256 metadata""]",pass,[],b5c013b1b596,75dac314e2e0,False,pass,[],unchecked,[]
bench/results/qemu_prompt_bench_20260427T221951Z.json,qemu_prompt,pass,2026-04-27T22:19:51Z,154830,synthetic-airgap-smoke,synthetic-smoke,Q4_0,68fc621f9f3916e73aa05b83ba0fa8da9f3cffad22a1c29f5acf8980d8dd743a,,,,,,,,2,,,0,0,240,1500000,6,0,160.0,,,,,,,,,,,,,,67207168,pass,[],unknown,"[""qemu_prompt: missing command_sha256 metadata""]",pass,[],ea55b6ea98dd,75dac314e2e0,False,pass,[],unchecked,[]
bench/results/bench_matrix_20260427T230733Z/ci-airgap-smoke_synthetic-smoke_Q4_0/qemu_prompt_bench_20260427T230734Z.json,qemu_prompt,pass,2026-04-27T23:07:34Z,151967,ci-airgap-smoke,synthetic-smoke,Q4_0,68fc621f9f3916e73aa05b83ba0fa8da9f3cffad22a1c29f5acf8980d8dd743a,,,,,,,,2,,,0,0,160,1000000,4,2,160.0,,,,,,,,,,,,,,67207168,pass,[],unknown,"[""qemu_prompt: missing command_sha256 metadata""]",pass,[],bf852f741851,75dac314e2e0,False,pass,[],unchecked,[]
bench/results/bench_matrix_20260427T230733Z/ci-airgap-smoke_synthetic-smoke_Q4_0/qemu_prompt_bench_latest.json,qemu_prompt,pass,2026-04-27T23:07:34Z,151967,ci-airgap-smoke,synthetic-smoke,Q4_0,68fc621f9f3916e73aa05b83ba0fa8da9f3cffad22a1c29f5acf8980d8dd743a,,,,,,,,2,,,0,0,160,1000000,4,2,160.0,,,,,,,,,,,,,,67207168,pass,[],unknown,"[""qemu_prompt: missing command_sha256 metadata""]",pass,[],bf852f741851,75dac314e2e0,False,pass,[],unchecked,[]
bench/results/bench_matrix_20260427T230733Z/ci-airgap-smoke_synthetic-smoke_Q8_0/qemu_prompt_bench_20260427T230734Z.json,qemu_prompt,pass,2026-04-27T23:07:34Z,151967,ci-airgap-smoke,synthetic-smoke,Q8_0,68fc621f9f3916e73aa05b83ba0fa8da9f3cffad22a1c29f5acf8980d8dd743a,,,,,,,,2,,,0,0,160,1000000,4,2,160.0,,,,,,,,,,,,,,67207168,pass,[],unknown,"[""qemu_prompt: missing command_sha256 metadata""]",pass,[],bf852f741851,75dac314e2e0,False,pass,[],unchecked,[]
bench/results/bench_matrix_20260427T230733Z/ci-airgap-smoke_synthetic-smoke_Q8_0/qemu_prompt_bench_latest.json,qemu_prompt,pass,2026-04-27T23:07:34Z,151967,ci-airgap-smoke,synthetic-smoke,Q8_0,68fc621f9f3916e73aa05b83ba0fa8da9f3cffad22a1c29f5acf8980d8dd743a,,,,,,,,2,,,0,0,160,1000000,4,2,160.0,,,,,,,,,,,,,,67207168,pass,[],unknown,"[""qemu_prompt: missing command_sha256 metadata""]",pass,[],bf852f741851,75dac314e2e0,False,pass,[],unchecked,[]
bench/results/qemu_prompt_bench_20260427T231904Z.json,qemu_prompt,pass,2026-04-27T23:19:04Z,151277,synthetic-airgap-smoke,synthetic-smoke,Q4_0,68fc621f9f3916e73aa05b83ba0fa8da9f3cffad22a1c29f5acf8980d8dd743a,,,,,,,,2,,,0,0,240,1500000,6,0,160.0,,,,,,,,,,,,,,67207168,pass,[],unknown,"[""qemu_prompt: missing command_sha256 metadata""]",pass,[],36f90ed16742,75dac314e2e0,False,pass,[],unchecked,[]
bench/results/qemu_prompt_bench_20260427T233253Z.json,qemu_prompt,pass,2026-04-27T23:32:53Z,150448,synthetic-airgap-smoke,synthetic-smoke,Q4_0,68fc621f9f3916e73aa05b83ba0fa8da9f3cffad22a1c29f5acf8980d8dd743a,,,21a5fe5c0e2f1cbdfbc4f36f4a5326cb6145cbf77763b3401df2b5c1619f420d,macOS-26.2-arm64-arm-64bit-Mach-O,arm64,,bench/fixtures/qemu_synthetic_bench.py,2,,,0,0,240,1500000,6,0,160.0,,,,,,,,,,,,,,67207168,pass,[],unknown,"[""qemu_prompt: missing command_sha256 metadata""]",pass,[],b1e55ed7d43f,75dac314e2e0,False,pass,[],unchecked,[]
bench/results/qemu_prompt_bench_20260427T234033Z.json,qemu_prompt,pass,2026-04-27T23:40:33Z,149988,synthetic-airgap-smoke,synthetic-smoke,Q4_0,68fc621f9f3916e73aa05b83ba0fa8da9f3cffad22a1c29f5acf8980d8dd743a,,,21a5fe5c0e2f1cbdfbc4f36f4a5326cb6145cbf77763b3401df2b5c1619f420d,macOS-26.2-arm64-arm-64bit-Mach-O,arm64,,bench/fixtures/qemu_synthetic_bench.py,2,,,0,0,240,1500000,6,0,160.0,,,,,,,,,,,,,,67207168,pass,[],unknown,"[""qemu_prompt: missing command_sha256 metadata""]",pass,[],4981d42b1a52,75dac314e2e0,False,pass,[],unchecked,[]
bench/results/bench_matrix_20260427T234738Z/ci-airgap-smoke_synthetic-smoke_Q4_0/qemu_prompt_bench_20260427T234738Z.json,qemu_prompt,pass,2026-04-27T23:47:38Z,149563,ci-airgap-smoke,synthetic-smoke,Q4_0,68fc621f9f3916e73aa05b83ba0fa8da9f3cffad22a1c29f5acf8980d8dd743a,,,199928d2258262b2ca80e491fc637902d45ca3695c316aef71615539bffafad7,macOS-26.2-arm64-arm-64bit-Mach-O,arm64,,/Users/danielmatthews-ferrero/Documents/worktrees/holyc-gpt55/bench/fixtures/qemu_synthetic_bench.py,2,,,0,0,160,1000000,4,2,160.0,,,,,,,,,,,,,,67207168,pass,[],unknown,"[""qemu_prompt: missing command_sha256 metadata""]",pass,[],bb8266801970,75dac314e2e0,False,pass,[],unchecked,[]
bench/results/bench_matrix_20260427T234738Z/ci-airgap-smoke_synthetic-smoke_Q4_0/qemu_prompt_bench_latest.json,qemu_prompt,pass,2026-04-27T23:47:38Z,149563,ci-airgap-smoke,synthetic-smoke,Q4_0,68fc621f9f3916e73aa05b83ba0fa8da9f3cffad22a1c29f5acf8980d8dd743a,,,199928d2258262b2ca80e491fc637902d45ca3695c316aef71615539bffafad7,macOS-26.2-arm64-arm-64bit-Mach-O,arm64,,/Users/danielmatthews-ferrero/Documents/worktrees/holyc-gpt55/bench/fixtures/qemu_synthetic_bench.py,2,,,0,0,160,1000000,4,2,160.0,,,,,,,,,,,,,,67207168,pass,[],unknown,"[""qemu_prompt: missing command_sha256 metadata""]",pass,[],bb8266801970,75dac314e2e0,False,pass,[],unchecked,[]
bench/results/bench_matrix_20260427T234738Z/ci-airgap-smoke_synthetic-smoke_Q8_0/qemu_prompt_bench_20260427T234738Z.json,qemu_prompt,pass,2026-04-27T23:47:38Z,149563,ci-airgap-smoke,synthetic-smoke,Q8_0,68fc621f9f3916e73aa05b83ba0fa8da9f3cffad22a1c29f5acf8980d8dd743a,,,199928d2258262b2ca80e491fc637902d45ca3695c316aef71615539bffafad7,macOS-26.2-arm64-arm-64bit-Mach-O,arm64,,/Users/danielmatthews-ferrero/Documents/worktrees/holyc-gpt55/bench/fixtures/qemu_synthetic_bench.py,2,,,0,0,160,1000000,4,2,160.0,,,,,,,,,,,,,,67207168,pass,[],unknown,"[""qemu_prompt: missing command_sha256 metadata""]",pass,[],bb8266801970,75dac314e2e0,False,pass,[],unchecked,[]
bench/results/bench_matrix_20260427T234738Z/ci-airgap-smoke_synthetic-smoke_Q8_0/qemu_prompt_bench_latest.json,qemu_prompt,pass,2026-04-27T23:47:38Z,149563,ci-airgap-smoke,synthetic-smoke,Q8_0,68fc621f9f3916e73aa05b83ba0fa8da9f3cffad22a1c29f5acf8980d8dd743a,,,199928d2258262b2ca80e491fc637902d45ca3695c316aef71615539bffafad7,macOS-26.2-arm64-arm-64bit-Mach-O,arm64,,/Users/danielmatthews-ferrero/Documents/worktrees/holyc-gpt55/bench/fixtures/qemu_synthetic_bench.py,2,,,0,0,160,1000000,4,2,160.0,,,,,,,,,,,,,,67207168,pass,[],unknown,"[""qemu_prompt: missing command_sha256 metadata""]",pass,[],bb8266801970,75dac314e2e0,False,pass,[],unchecked,[]
bench/results/bench_matrix_20260428T000109Z/ci-airgap-smoke_synthetic-smoke_Q4_0/qemu_prompt_bench_20260428T000110Z.json,qemu_prompt,pass,2026-04-28T00:01:10Z,148751,ci-airgap-smoke,synthetic-smoke,Q4_0,68fc621f9f3916e73aa05b83ba0fa8da9f3cffad22a1c29f5acf8980d8dd743a,,,199928d2258262b2ca80e491fc637902d45ca3695c316aef71615539bffafad7,macOS-26.2-arm64-arm-64bit-Mach-O,arm64,,/Users/danielmatthews-ferrero/Documents/worktrees/holyc-gpt55/bench/fixtures/qemu_synthetic_bench.py,2,,,0,0,160,1000000,4,2,160.0,,12400.0,,,,,,,,,,,,67207168,pass,[],unknown,"[""qemu_prompt: missing command_sha256 metadata""]",pass,[],1588059f2388,75dac314e2e0,False,pass,[],unchecked,[]
bench/results/bench_matrix_20260428T000109Z/ci-airgap-smoke_synthetic-smoke_Q4_0/qemu_prompt_bench_latest.json,qemu_prompt,pass,2026-04-28T00:01:10Z,148751,ci-airgap-smoke,synthetic-smoke,Q4_0,68fc621f9f3916e73aa05b83ba0fa8da9f3cffad22a1c29f5acf8980d8dd743a,,,199928d2258262b2ca80e491fc637902d45ca3695c316aef71615539bffafad7,macOS-26.2-arm64-arm-64bit-Mach-O,arm64,,/Users/danielmatthews-ferrero/Documents/worktrees/holyc-gpt55/bench/fixtures/qemu_synthetic_bench.py,2,,,0,0,160,1000000,4,2,160.0,,12400.0,,,,,,,,,,,,67207168,pass,[],unknown,"[""qemu_prompt: missing command_sha256 metadata""]",pass,[],1588059f2388,75dac314e2e0,False,pass,[],unchecked,[]
bench/results/qemu_prompt_bench_20260428T000110Z.json,qemu_prompt,pass,2026-04-28T00:01:10Z,148751,synthetic-airgap-smoke,synthetic-smoke,Q4_0,68fc621f9f3916e73aa05b83ba0fa8da9f3cffad22a1c29f5acf8980d8dd743a,,,21a5fe5c0e2f1cbdfbc4f36f4a5326cb6145cbf77763b3401df2b5c1619f420d,macOS-26.2-arm64-arm-64bit-Mach-O,arm64,,bench/fixtures/qemu_synthetic_bench.py,2,,,0,0,240,1500000,6,0,160.0,,12400.0,,,,,,,,,,,,67207168,pass,[],unknown,"[""qemu_prompt: missing command_sha256 metadata""]",pass,[],1588059f2388,75dac314e2e0,False,pass,[],unchecked,[]
bench/results/bench_matrix_20260428T000109Z/ci-airgap-smoke_synthetic-smoke_Q8_0/qemu_prompt_bench_20260428T000111Z.json,qemu_prompt,pass,2026-04-28T00:01:11Z,148750,ci-airgap-smoke,synthetic-smoke,Q8_0,68fc621f9f3916e73aa05b83ba0fa8da9f3cffad22a1c29f5acf8980d8dd743a,,,199928d2258262b2ca80e491fc637902d45ca3695c316aef71615539bffafad7,macOS-26.2-arm64-arm-64bit-Mach-O,arm64,,/Users/danielmatthews-ferrero/Documents/worktrees/holyc-gpt55/bench/fixtures/qemu_synthetic_bench.py,2,,,0,0,160,1000000,4,2,160.0,,12400.0,,,,,,,,,,,,67207168,pass,[],unknown,"[""qemu_prompt: missing command_sha256 metadata""]",pass,[],1588059f2388,75dac314e2e0,False,pass,[],unchecked,[]
bench/results/bench_matrix_20260428T000109Z/ci-airgap-smoke_synthetic-smoke_Q8_0/qemu_prompt_bench_latest.json,qemu_prompt,pass,2026-04-28T00:01:11Z,148750,ci-airgap-smoke,synthetic-smoke,Q8_0,68fc621f9f3916e73aa05b83ba0fa8da9f3cffad22a1c29f5acf8980d8dd743a,,,199928d2258262b2ca80e491fc637902d45ca3695c316aef71615539bffafad7,macOS-26.2-arm64-arm-64bit-Mach-O,arm64,,/Users/danielmatthews-ferrero/Documents/worktrees/holyc-gpt55/bench/fixtures/qemu_synthetic_bench.py,2,,,0,0,160,1000000,4,2,160.0,,12400.0,,,,,,,,,,,,67207168,pass,[],unknown,"[""qemu_prompt: missing command_sha256 metadata""]",pass,[],1588059f2388,75dac314e2e0,False,pass,[],unchecked,[]
bench/results/qemu_prompt_bench_20260428T000650Z.json,qemu_prompt,pass,2026-04-28T00:06:50Z,148411,synthetic-airgap-smoke,synthetic-smoke,Q4_0,68fc621f9f3916e73aa05b83ba0fa8da9f3cffad22a1c29f5acf8980d8dd743a,,,21a5fe5c0e2f1cbdfbc4f36f4a5326cb6145cbf77763b3401df2b5c1619f420d,macOS-26.2-arm64-arm-64bit-Mach-O,arm64,,bench/fixtures/qemu_synthetic_bench.py,2,,,0,0,240,1500000,6,0,160.0,580.4843291632079,12400.0,,,,,,,,,,,,67207168,pass,[],unknown,"[""qemu_prompt: missing command_sha256 metadata""]",pass,[],ec4b6dde4fd6,75dac314e2e0,False,pass,[],unchecked,[]
bench/results/bench_matrix_20260428T023335Z/ci-airgap-smoke_synthetic-smoke_Q4_0/qemu_prompt_bench_20260428T023336Z.json,qemu_prompt,pass,2026-04-28T02:33:36Z,139605,ci-airgap-smoke,synthetic-smoke,Q4_0,68fc621f9f3916e73aa05b83ba0fa8da9f3cffad22a1c29f5acf8980d8dd743a,,,199928d2258262b2ca80e491fc637902d45ca3695c316aef71615539bffafad7,macOS-26.2-arm64-arm-64bit-Mach-O,arm64,,/Users/danielmatthews-ferrero/Documents/worktrees/holyc-gpt55/bench/fixtures/qemu_synthetic_bench.py,2,,,0,0,160,1000000,4,2,160.0,723.549760843411,12400.0,,,,,,,,,,,,67207168,pass,[],unknown,"[""qemu_prompt: missing command_sha256 metadata""]",pass,[],3b7e701e8a6b,75dac314e2e0,False,pass,[],unchecked,[]
bench/results/bench_matrix_20260428T023335Z/ci-airgap-smoke_synthetic-smoke_Q4_0/qemu_prompt_bench_latest.json,qemu_prompt,pass,2026-04-28T02:33:36Z,139605,ci-airgap-smoke,synthetic-smoke,Q4_0,68fc621f9f3916e73aa05b83ba0fa8da9f3cffad22a1c29f5acf8980d8dd743a,,,199928d2258262b2ca80e491fc637902d45ca3695c316aef71615539bffafad7,macOS-26.2-arm64-arm-64bit-Mach-O,arm64,,/Users/danielmatthews-ferrero/Documents/worktrees/holyc-gpt55/bench/fixtures/qemu_synthetic_bench.py,2,,,0,0,160,1000000,4,2,160.0,723.549760843411,12400.0,,,,,,,,,,,,67207168,pass,[],unknown,"[""qemu_prompt: missing command_sha256 metadata""]",pass,[],3b7e701e8a6b,75dac314e2e0,False,pass,[],unchecked,[]
bench/results/bench_matrix_20260428T023335Z/ci-airgap-smoke_synthetic-smoke_Q8_0/qemu_prompt_bench_20260428T023337Z.json,qemu_prompt,pass,2026-04-28T02:33:37Z,139604,ci-airgap-smoke,synthetic-smoke,Q8_0,68fc621f9f3916e73aa05b83ba0fa8da9f3cffad22a1c29f5acf8980d8dd743a,,,199928d2258262b2ca80e491fc637902d45ca3695c316aef71615539bffafad7,macOS-26.2-arm64-arm-64bit-Mach-O,arm64,,/Users/danielmatthews-ferrero/Documents/worktrees/holyc-gpt55/bench/fixtures/qemu_synthetic_bench.py,2,,,0,0,160,1000000,4,2,160.0,491.2837069360925,12400.0,,,,,,,,,,,,67207168,pass,[],unknown,"[""qemu_prompt: missing command_sha256 metadata""]",pass,[],3b7e701e8a6b,75dac314e2e0,False,pass,[],unchecked,[]
bench/results/bench_matrix_20260428T023335Z/ci-airgap-smoke_synthetic-smoke_Q8_0/qemu_prompt_bench_latest.json,qemu_prompt,pass,2026-04-28T02:33:37Z,139604,ci-airgap-smoke,synthetic-smoke,Q8_0,68fc621f9f3916e73aa05b83ba0fa8da9f3cffad22a1c29f5acf8980d8dd743a,,,199928d2258262b2ca80e491fc637902d45ca3695c316aef71615539bffafad7,macOS-26.2-arm64-arm-64bit-Mach-O,arm64,,/Users/danielmatthews-ferrero/Documents/worktrees/holyc-gpt55/bench/fixtures/qemu_synthetic_bench.py,2,,,0,0,160,1000000,4,2,160.0,491.2837069360925,12400.0,,,,,,,,,,,,67207168,pass,[],unknown,"[""qemu_prompt: missing command_sha256 metadata""]",pass,[],3b7e701e8a6b,75dac314e2e0,False,pass,[],unchecked,[]
bench/results/qemu_prompt_bench_20260428T024600Z.json,qemu_prompt,pass,2026-04-28T02:46:00Z,138861,synthetic-airgap-smoke,synthetic-smoke,Q4_0,68fc621f9f3916e73aa05b83ba0fa8da9f3cffad22a1c29f5acf8980d8dd743a,,,21a5fe5c0e2f1cbdfbc4f36f4a5326cb6145cbf77763b3401df2b5c1619f420d,macOS-26.2-arm64-arm-64bit-Mach-O,arm64,,bench/fixtures/qemu_synthetic_bench.py,2,,,0,0,240,1500000,6,0,160.0,446.05569964074664,12400.0,,,,,,,,,,,,67207168,pass,[],unknown,"[""qemu_prompt: missing command_sha256 metadata""]",pass,[],ba875d39995e,75dac314e2e0,False,pass,[],unchecked,[]
bench/results/bench_matrix_20260428T035157Z/ci-airgap-smoke_synthetic-smoke_Q4_0/qemu_prompt_bench_20260428T035203Z.json,qemu_prompt,pass,2026-04-28T03:52:03Z,134898,ci-airgap-smoke,synthetic-smoke,Q4_0,68fc621f9f3916e73aa05b83ba0fa8da9f3cffad22a1c29f5acf8980d8dd743a,,,199928d2258262b2ca80e491fc637902d45ca3695c316aef71615539bffafad7,macOS-26.2-arm64-arm-64bit-Mach-O,arm64,,/Users/danielmatthews-ferrero/Documents/worktrees/holyc-gpt55/bench/fixtures/qemu_synthetic_bench.py,2,,,0,0,160,1000000,4,2,160.0,496.3618152141324,12400.0,-60.58358333333333,,,,,,,,,,,67207168,pass,[],unknown,"[""qemu_prompt: missing command_sha256 metadata""]",pass,[],a0126ad2c367,75dac314e2e0,False,pass,[],unchecked,[]
bench/results/bench_matrix_20260428T035157Z/ci-airgap-smoke_synthetic-smoke_Q4_0/qemu_prompt_bench_latest.json,qemu_prompt,pass,2026-04-28T03:52:03Z,134898,ci-airgap-smoke,synthetic-smoke,Q4_0,68fc621f9f3916e73aa05b83ba0fa8da9f3cffad22a1c29f5acf8980d8dd743a,,,199928d2258262b2ca80e491fc637902d45ca3695c316aef71615539bffafad7,macOS-26.2-arm64-arm-64bit-Mach-O,arm64,,/Users/danielmatthews-ferrero/Documents/worktrees/holyc-gpt55/bench/fixtures/qemu_synthetic_bench.py,2,,,0,0,160,1000000,4,2,160.0,496.3618152141324,12400.0,-60.58358333333333,,,,,,,,,,,67207168,pass,[],unknown,"[""qemu_prompt: missing command_sha256 metadata""]",pass,[],a0126ad2c367,75dac314e2e0,False,pass,[],unchecked,[]
bench/results/qemu_prompt_bench_20260428T035203Z.json,qemu_prompt,pass,2026-04-28T03:52:03Z,134898,ci-airgap-smoke,synthetic-smoke,Q4_0,68fc621f9f3916e73aa05b83ba0fa8da9f3cffad22a1c29f5acf8980d8dd743a,,,21a5fe5c0e2f1cbdfbc4f36f4a5326cb6145cbf77763b3401df2b5c1619f420d,macOS-26.2-arm64-arm-64bit-Mach-O,arm64,,bench/fixtures/qemu_synthetic_bench.py,2,,,0,0,160,1000000,4,2,160.0,496.53399111229237,12400.0,-60.61066666666667,,,,,,,,,,,67207168,pass,[],unknown,"[""qemu_prompt: missing command_sha256 metadata""]",pass,[],a0126ad2c367,75dac314e2e0,False,pass,[],unchecked,[]
bench/results/bench_matrix_20260428T035157Z/ci-airgap-smoke_synthetic-smoke_Q8_0/qemu_prompt_bench_20260428T035204Z.json,qemu_prompt,pass,2026-04-28T03:52:04Z,134897,ci-airgap-smoke,synthetic-smoke,Q8_0,68fc621f9f3916e73aa05b83ba0fa8da9f3cffad22a1c29f5acf8980d8dd743a,,,199928d2258262b2ca80e491fc637902d45ca3695c316aef71615539bffafad7,macOS-26.2-arm64-arm-64bit-Mach-O,arm64,,/Users/danielmatthews-ferrero/Documents/worktrees/holyc-gpt55/bench/fixtures/qemu_synthetic_bench.py,2,,,0,0,160,1000000,4,2,160.0,562.0817932785699,12400.0,-71.48783333333333,,,,,,,,,,,67207168,pass,[],unknown,"[""qemu_prompt: missing command_sha256 metadata""]",pass,[],a0126ad2c367,75dac314e2e0,False,pass,[],unchecked,[]
bench/results/bench_matrix_20260428T035157Z/ci-airgap-smoke_synthetic-smoke_Q8_0/qemu_prompt_bench_latest.json,qemu_prompt,pass,2026-04-28T03:52:04Z,134897,ci-airgap-smoke,synthetic-smoke,Q8_0,68fc621f9f3916e73aa05b83ba0fa8da9f3cffad22a1c29f5acf8980d8dd743a,,,199928d2258262b2ca80e491fc637902d45ca3695c316aef71615539bffafad7,macOS-26.2-arm64-arm-64bit-Mach-O,arm64,,/Users/danielmatthews-ferrero/Documents/worktrees/holyc-gpt55/bench/fixtures/qemu_synthetic_bench.py,2,,,0,0,160,1000000,4,2,160.0,562.0817932785699,12400.0,-71.48783333333333,,,,,,,,,,,67207168,pass,[],unknown,"[""qemu_prompt: missing command_sha256 metadata""]",pass,[],a0126ad2c367,75dac314e2e0,False,pass,[],unchecked,[]
bench/results/qemu_prompt_bench_20260428T044520Z.json,qemu_prompt,pass,2026-04-28T04:45:20Z,131701,synthetic-airgap-smoke,synthetic-smoke,Q4_0,68fc621f9f3916e73aa05b83ba0fa8da9f3cffad22a1c29f5acf8980d8dd743a,,,21a5fe5c0e2f1cbdfbc4f36f4a5326cb6145cbf77763b3401df2b5c1619f420d,macOS-26.2-arm64-arm-64bit-Mach-O,arm64,,bench/fixtures/qemu_synthetic_bench.py,2,,,0,0,240,1500000,6,0,160.0,959.3365023203652,12400.0,-82.7405,,,,,,,,,,,67207168,pass,[],unknown,"[""qemu_prompt: missing command_sha256 metadata""]",pass,[],9305c9617dbe,75dac314e2e0,False,pass,[],unchecked,[]
bench/results/qemu_prompt_bench_20260428T045336Z.json,qemu_prompt,pass,2026-04-28T04:53:36Z,131205,synthetic-airgap-smoke,synthetic-smoke,Q4_0,68fc621f9f3916e73aa05b83ba0fa8da9f3cffad22a1c29f5acf8980d8dd743a,,,21a5fe5c0e2f1cbdfbc4f36f4a5326cb6145cbf77763b3401df2b5c1619f420d,macOS-26.2-arm64-arm-64bit-Mach-O,arm64,,bench/fixtures/qemu_synthetic_bench.py,2,,,0,0,240,1500000,6,0,160.0,661.6586741738522,12400.0,-74.78191666666666,,,,,6250.0,1576.1302083333335,,,,,67207168,pass,[],unknown,"[""qemu_prompt: missing command_sha256 metadata""]",pass,[],cd2ef624364d,75dac314e2e0,False,pass,[],unchecked,[]
bench/results/qemu_prompt_bench_20260428T051723Z.json,qemu_prompt,pass,2026-04-28T05:17:23Z,129778,synthetic-airgap-smoke,synthetic-smoke,Q4_0,68fc621f9f3916e73aa05b83ba0fa8da9f3cffad22a1c29f5acf8980d8dd743a,,,21a5fe5c0e2f1cbdfbc4f36f4a5326cb6145cbf77763b3401df2b5c1619f420d,macOS-26.2-arm64-arm-64bit-Mach-O,arm64,,bench/fixtures/qemu_synthetic_bench.py,2,,,0,0,240,1500000,6,0,160.0,476.88584927572657,12400.0,-62.59816666666667,,,,,6250.0,2337.6145833333335,,,,,67207168,pass,[],unknown,"[""qemu_prompt: missing command_sha256 metadata""]",pass,[],e4b0c6c494ee,75dac314e2e0,False,pass,[],unchecked,[]
bench/results/qemu_prompt_bench_20260428T053208Z.json,qemu_prompt,pass,2026-04-28T05:32:08Z,128893,ci-airgap-smoke,synthetic-smoke,Q4_0,68fc621f9f3916e73aa05b83ba0fa8da9f3cffad22a1c29f5acf8980d8dd743a,,,fad0e7a1f326bc53b13c3332b33e0bd191fdc4e92444823af2592bea6a90ced8,macOS-26.2-arm64-arm-64bit-Mach-O,arm64,,./bench/fixtures/qemu_synthetic_bench.py,2,,,0,0,160,1000000,4,2,160.0,500.9107191776958,12400.0,-68.05808333333333,,,,,6250.0,1996.3697916666665,,,,,67207168,pass,[],unknown,"[""qemu_prompt: missing command_sha256 metadata""]",pass,[],a3d460c2276c,75dac314e2e0,False,pass,[],unchecked,[]
bench/results/qemu_prompt_bench_20260428T061952Z.json,qemu_prompt,pass,2026-04-28T06:19:52Z,126029,synthetic-airgap-smoke,synthetic-smoke,Q4_0,68fc621f9f3916e73aa05b83ba0fa8da9f3cffad22a1c29f5acf8980d8dd743a,e415146c052b9f0baa23706ffde97548f2374f6601337823b4d810c39bed48e7,,21a5fe5c0e2f1cbdfbc4f36f4a5326cb6145cbf77763b3401df2b5c1619f420d,macOS-26.2-arm64-arm-64bit-Mach-O,arm64,,bench/fixtures/qemu_synthetic_bench.py,2,,,0,0,240,1500000,6,0,160.0,571.4815540166518,12400.0,-71.99475,,,,,6250.0,1750.328125,,,,,67207168,pass,[],pass,[],pass,[],d1ee8f0158c3,75dac314e2e0,False,pass,[],unchecked,[]
bench/results/bench_matrix_20260428T062013Z/ci-airgap-smoke_synthetic-smoke_Q4_0/qemu_prompt_bench_20260428T062014Z.json,qemu_prompt,pass,2026-04-28T06:20:14Z,126007,ci-airgap-smoke,synthetic-smoke,Q4_0,68fc621f9f3916e73aa05b83ba0fa8da9f3cffad22a1c29f5acf8980d8dd743a,b38e17f8fe6b79397ba9c4cb6dc68ad1d24ed501d479195500b1d8eaf615640d,,199928d2258262b2ca80e491fc637902d45ca3695c316aef71615539bffafad7,macOS-26.2-arm64-arm-64bit-Mach-O,arm64,,/Users/danielmatthews-ferrero/Documents/worktrees/holyc-gpt55/bench/fixtures/qemu_synthetic_bench.py,2,,,0,0,160,1000000,4,2,160.0,524.0508605226473,12400.0,-68.95775,,,,,6250.0,1940.140625,,,,,67207168,pass,[],pass,[],pass,[],d1ee8f0158c3,75dac314e2e0,False,pass,[],unchecked,[]
bench/results/bench_matrix_20260428T062013Z/ci-airgap-smoke_synthetic-smoke_Q4_0/qemu_prompt_bench_latest.json,qemu_prompt,pass,2026-04-28T06:20:14Z,126007,ci-airgap-smoke,synthetic-smoke,Q4_0,68fc621f9f3916e73aa05b83ba0fa8da9f3cffad22a1c29f5acf8980d8dd743a,b38e17f8fe6b79397ba9c4cb6dc68ad1d24ed501d479195500b1d8eaf615640d,,199928d2258262b2ca80e491fc637902d45ca3695c316aef71615539bffafad7,macOS-26.2-arm64-arm-64bit-Mach-O,arm64,,/Users/danielmatthews-ferrero/Documents/worktrees/holyc-gpt55/bench/fixtures/qemu_synthetic_bench.py,2,,,0,0,160,1000000,4,2,160.0,524.0508605226473,12400.0,-68.95775,,,,,6250.0,1940.140625,,,,,67207168,pass,[],pass,[],pass,[],d1ee8f0158c3,75dac314e2e0,False,pass,[],unchecked,[]
bench/results/bench_matrix_20260428T062013Z/ci-airgap-smoke_synthetic-smoke_Q8_0/qemu_prompt_bench_20260428T062015Z.json,qemu_prompt,pass,2026-04-28T06:20:15Z,126006,ci-airgap-smoke,synthetic-smoke,Q8_0,68fc621f9f3916e73aa05b83ba0fa8da9f3cffad22a1c29f5acf8980d8dd743a,b38e17f8fe6b79397ba9c4cb6dc68ad1d24ed501d479195500b1d8eaf615640d,,199928d2258262b2ca80e491fc637902d45ca3695c316aef71615539bffafad7,macOS-26.2-arm64-arm-64bit-Mach-O,arm64,,/Users/danielmatthews-ferrero/Documents/worktrees/holyc-gpt55/bench/fixtures/qemu_synthetic_bench.py,2,,,0,0,160,1000000,4,2,160.0,448.5245158473547,12400.0,-64.12858333333334,,,,,6250.0,2241.963541666667,,,,,67207168,pass,[],pass,[],pass,[],d1ee8f0158c3,75dac314e2e0,False,pass,[],unchecked,[]
bench/results/bench_matrix_20260428T062013Z/ci-airgap-smoke_synthetic-smoke_Q8_0/qemu_prompt_bench_latest.json,qemu_prompt,pass,2026-04-28T06:20:15Z,126006,ci-airgap-smoke,synthetic-smoke,Q8_0,68fc621f9f3916e73aa05b83ba0fa8da9f3cffad22a1c29f5acf8980d8dd743a,b38e17f8fe6b79397ba9c4cb6dc68ad1d24ed501d479195500b1d8eaf615640d,,199928d2258262b2ca80e491fc637902d45ca3695c316aef71615539bffafad7,macOS-26.2-arm64-arm-64bit-Mach-O,arm64,,/Users/danielmatthews-ferrero/Documents/worktrees/holyc-gpt55/bench/fixtures/qemu_synthetic_bench.py,2,,,0,0,160,1000000,4,2,160.0,448.5245158473547,12400.0,-64.12858333333334,,,,,6250.0,2241.963541666667,,,,,67207168,pass,[],pass,[],pass,[],d1ee8f0158c3,75dac314e2e0,False,pass,[],unchecked,[]
bench/results/qemu_prompt_bench_20260428T064752Z.json,qemu_prompt,pass,2026-04-28T06:47:52Z,124349,ci-airgap-smoke,synthetic-smoke,Q4_0,68fc621f9f3916e73aa05b83ba0fa8da9f3cffad22a1c29f5acf8980d8dd743a,b9be9bb048be4bf27f179ec73019754dd945d4c113f0a28a4ca266b00b458b85,,21a5fe5c0e2f1cbdfbc4f36f4a5326cb6145cbf77763b3401df2b5c1619f420d,macOS-26.2-arm64-arm-64bit-Mach-O,arm64,,bench/fixtures/qemu_synthetic_bench.py,2,,,0,0,160,1000000,4,2,160.0,732.3945750365795,12400.0,-77.29933333333332,,,,,6250.0,1418.7916666666665,,,,,67207168,pass,[],pass,[],pass,[],e4311d1fe5fa,75dac314e2e0,False,pass,[],unchecked,[]
bench/results/bench_matrix_20260428T105611Z/ci-airgap-smoke_synthetic-smoke_Q4_0/qemu_prompt_bench_20260428T105613Z.json,qemu_prompt,pass,2026-04-28T10:56:13Z,109448,ci-airgap-smoke,synthetic-smoke,Q4_0,68fc621f9f3916e73aa05b83ba0fa8da9f3cffad22a1c29f5acf8980d8dd743a,b38e17f8fe6b79397ba9c4cb6dc68ad1d24ed501d479195500b1d8eaf615640d,,199928d2258262b2ca80e491fc637902d45ca3695c316aef71615539bffafad7,macOS-26.2-arm64-arm-64bit-Mach-O,arm64,,/Users/danielmatthews-ferrero/Documents/worktrees/holyc-gpt55/bench/fixtures/qemu_synthetic_bench.py,2,,,0,0,160,1000000,4,2,160.0,544.0840630360276,12400.0,-69.84008333333333,,,,,6250.0,1884.9947916666665,,,,,67207168,pass,[],pass,[],pass,[],c8e896a45950,75dac314e2e0,False,pass,[],unchecked,[]
bench/results/bench_matrix_20260428T105611Z/ci-airgap-smoke_synthetic-smoke_Q4_0/qemu_prompt_bench_latest.json,qemu_prompt,pass,2026-04-28T10:56:13Z,109448,ci-airgap-smoke,synthetic-smoke,Q4_0,68fc621f9f3916e73aa05b83ba0fa8da9f3cffad22a1c29f5acf8980d8dd743a,b38e17f8fe6b79397ba9c4cb6dc68ad1d24ed501d479195500b1d8eaf615640d,,199928d2258262b2ca80e491fc637902d45ca3695c316aef71615539bffafad7,macOS-26.2-arm64-arm-64bit-Mach-O,arm64,,/Users/danielmatthews-ferrero/Documents/worktrees/holyc-gpt55/bench/fixtures/qemu_synthetic_bench.py,2,,,0,0,160,1000000,4,2,160.0,544.0840630360276,12400.0,-69.84008333333333,,,,,6250.0,1884.9947916666665,,,,,67207168,pass,[],pass,[],pass,[],c8e896a45950,75dac314e2e0,False,pass,[],unchecked,[]
bench/results/bench_matrix_20260428T105611Z/ci-airgap-smoke_synthetic-smoke_Q8_0/qemu_prompt_bench_20260428T105614Z.json,qemu_prompt,pass,2026-04-28T10:56:14Z,109447,ci-airgap-smoke,synthetic-smoke,Q8_0,68fc621f9f3916e73aa05b83ba0fa8da9f3cffad22a1c29f5acf8980d8dd743a,b38e17f8fe6b79397ba9c4cb6dc68ad1d24ed501d479195500b1d8eaf615640d,,199928d2258262b2ca80e491fc637902d45ca3695c316aef71615539bffafad7,macOS-26.2-arm64-arm-64bit-Mach-O,arm64,,/Users/danielmatthews-ferrero/Documents/worktrees/holyc-gpt55/bench/fixtures/qemu_synthetic_bench.py,2,,,0,0,160,1000000,4,2,160.0,242.24240830976535,12400.0,-33.47116666666667,,,,,6250.0,4158.052083333334,,,,,67207168,pass,[],pass,[],pass,[],c8e896a45950,75dac314e2e0,False,pass,[],unchecked,[]
bench/results/bench_matrix_20260428T105611Z/ci-airgap-smoke_synthetic-smoke_Q8_0/qemu_prompt_bench_latest.json,qemu_prompt,pass,2026-04-28T10:56:14Z,109447,ci-airgap-smoke,synthetic-smoke,Q8_0,68fc621f9f3916e73aa05b83ba0fa8da9f3cffad22a1c29f5acf8980d8dd743a,b38e17f8fe6b79397ba9c4cb6dc68ad1d24ed501d479195500b1d8eaf615640d,,199928d2258262b2ca80e491fc637902d45ca3695c316aef71615539bffafad7,macOS-26.2-arm64-arm-64bit-Mach-O,arm64,,/Users/danielmatthews-ferrero/Documents/worktrees/holyc-gpt55/bench/fixtures/qemu_synthetic_bench.py,2,,,0,0,160,1000000,4,2,160.0,242.24240830976535,12400.0,-33.47116666666667,,,,,6250.0,4158.052083333334,,,,,67207168,pass,[],pass,[],pass,[],c8e896a45950,75dac314e2e0,False,pass,[],unchecked,[]
bench/results/qemu_prompt_bench_20260428T124220Z.json,qemu_prompt,pass,2026-04-28T12:42:20Z,103081,synthetic-airgap-smoke,synthetic-smoke,Q4_0,68fc621f9f3916e73aa05b83ba0fa8da9f3cffad22a1c29f5acf8980d8dd743a,e415146c052b9f0baa23706ffde97548f2374f6601337823b4d810c39bed48e7,,21a5fe5c0e2f1cbdfbc4f36f4a5326cb6145cbf77763b3401df2b5c1619f420d,macOS-26.2-arm64-arm-64bit-Mach-O,arm64,,bench/fixtures/qemu_synthetic_bench.py,2,,,0,0,240,1500000,6,0,160.0,607.2414324289496,12400.0,-72.87275,,,,,6250.0,1695.453125,,,,,67207168,pass,[],pass,[],pass,[],b943c38d923f,75dac314e2e0,False,pass,[],unchecked,[]
bench/results/qemu_prompt_bench_20260428T125149Z.json,qemu_prompt,pass,2026-04-28T12:51:49Z,102512,synthetic-airgap-smoke,synthetic-smoke,Q4_0,68fc621f9f3916e73aa05b83ba0fa8da9f3cffad22a1c29f5acf8980d8dd743a,e415146c052b9f0baa23706ffde97548f2374f6601337823b4d810c39bed48e7,,21a5fe5c0e2f1cbdfbc4f36f4a5326cb6145cbf77763b3401df2b5c1619f420d,macOS-26.2-arm64-arm-64bit-Mach-O,arm64,,bench/fixtures/qemu_synthetic_bench.py,2,,,0,0,240,1500000,6,0,160.0,515.3056217805917,12400.0,-68.53825,48067.0,72.06389826522633,,,6250.0,1966.359375,,,,,67207168,pass,[],pass,[],pass,[],fc1728848aad,75dac314e2e0,False,pass,[],unchecked,[]
bench/results/bench_matrix_20260428T132709Z/ci-airgap-smoke_synthetic-smoke_Q4_0/qemu_prompt_bench_20260428T132718Z.json,qemu_prompt,pass,2026-04-28T13:27:18Z,100383,ci-airgap-smoke,synthetic-smoke,Q4_0,68fc621f9f3916e73aa05b83ba0fa8da9f3cffad22a1c29f5acf8980d8dd743a,b38e17f8fe6b79397ba9c4cb6dc68ad1d24ed501d479195500b1d8eaf615640d,,199928d2258262b2ca80e491fc637902d45ca3695c316aef71615539bffafad7,macOS-26.2-arm64-arm-64bit-Mach-O,arm64,,/Users/danielmatthews-ferrero/Documents/worktrees/holyc-gpt55/bench/fixtures/qemu_synthetic_bench.py,2,,,0,0,160,1000000,4,2,160.0,68.96310579785468,12400.0,137.86033333333333,61316.0,10.334073730680943,,,6250.0,14866.270833333332,,,,,67207168,pass,[],pass,[],pass,[],6a8bc0e18988,75dac314e2e0,False,pass,[],unchecked,[]
bench/results/bench_matrix_20260428T132709Z/ci-airgap-smoke_synthetic-smoke_Q4_0/qemu_prompt_bench_latest.json,qemu_prompt,pass,2026-04-28T13:27:18Z,100383,ci-airgap-smoke,synthetic-smoke,Q4_0,68fc621f9f3916e73aa05b83ba0fa8da9f3cffad22a1c29f5acf8980d8dd743a,b38e17f8fe6b79397ba9c4cb6dc68ad1d24ed501d479195500b1d8eaf615640d,,199928d2258262b2ca80e491fc637902d45ca3695c316aef71615539bffafad7,macOS-26.2-arm64-arm-64bit-Mach-O,arm64,,/Users/danielmatthews-ferrero/Documents/worktrees/holyc-gpt55/bench/fixtures/qemu_synthetic_bench.py,2,,,0,0,160,1000000,4,2,160.0,68.96310579785468,12400.0,137.86033333333333,61316.0,10.334073730680943,,,6250.0,14866.270833333332,,,,,67207168,pass,[],pass,[],pass,[],6a8bc0e18988,75dac314e2e0,False,pass,[],unchecked,[]
bench/results/bench_matrix_20260428T132709Z/ci-airgap-smoke_synthetic-smoke_Q8_0/qemu_prompt_bench_20260428T132724Z.json,qemu_prompt,pass,2026-04-28T13:27:24Z,100377,ci-airgap-smoke,synthetic-smoke,Q8_0,68fc621f9f3916e73aa05b83ba0fa8da9f3cffad22a1c29f5acf8980d8dd743a,b38e17f8fe6b79397ba9c4cb6dc68ad1d24ed501d479195500b1d8eaf615640d,,199928d2258262b2ca80e491fc637902d45ca3695c316aef71615539bffafad7,macOS-26.2-arm64-arm-64bit-Mach-O,arm64,,/Users/danielmatthews-ferrero/Documents/worktrees/holyc-gpt55/bench/fixtures/qemu_synthetic_bench.py,2,,,0,0,160,1000000,4,2,160.0,235.18132038453436,12400.0,254.97150000000002,57001.5,25.922883611841367,,,6250.0,22185.71875,,,,,67207168,pass,[],pass,[],pass,[],6a8bc0e18988,75dac314e2e0,False,pass,[],unchecked,[]
bench/results/bench_matrix_20260428T132709Z/ci-airgap-smoke_synthetic-smoke_Q8_0/qemu_prompt_bench_latest.json,qemu_prompt,pass,2026-04-28T13:27:24Z,100377,ci-airgap-smoke,synthetic-smoke,Q8_0,68fc621f9f3916e73aa05b83ba0fa8da9f3cffad22a1c29f5acf8980d8dd743a,b38e17f8fe6b79397ba9c4cb6dc68ad1d24ed501d479195500b1d8eaf615640d,,199928d2258262b2ca80e491fc637902d45ca3695c316aef71615539bffafad7,macOS-26.2-arm64-arm-64bit-Mach-O,arm64,,/Users/danielmatthews-ferrero/Documents/worktrees/holyc-gpt55/bench/fixtures/qemu_synthetic_bench.py,2,,,0,0,160,1000000,4,2,160.0,235.18132038453436,12400.0,254.97150000000002,57001.5,25.922883611841367,,,6250.0,22185.71875,,,,,67207168,pass,[],pass,[],pass,[],6a8bc0e18988,75dac314e2e0,False,pass,[],unchecked,[]
bench/results/bench_matrix_20260428T133552Z/ci-airgap-smoke_synthetic-smoke_Q4_0/qemu_prompt_bench_20260428T133553Z.json,qemu_prompt,pass,2026-04-28T13:35:53Z,99868,ci-airgap-smoke,synthetic-smoke,Q4_0,68fc621f9f3916e73aa05b83ba0fa8da9f3cffad22a1c29f5acf8980d8dd743a,b38e17f8fe6b79397ba9c4cb6dc68ad1d24ed501d479195500b1d8eaf615640d,,199928d2258262b2ca80e491fc637902d45ca3695c316aef71615539bffafad7,macOS-26.2-arm64-arm-64bit-Mach-O,arm64,,/Users/danielmatthews-ferrero/Documents/worktrees/holyc-gpt55/bench/fixtures/qemu_synthetic_bench.py,2,,,0,0,160,1000000,4,2,160.0,715.0292400361784,12400.0,-77.59558333333334,44062.0,81.81373300003257,,,6250.0,1400.2760416666665,,,,,67207168,pass,[],pass,[],pass,[],f884c29d4b92,75dac314e2e0,False,pass,[],unchecked,[]
bench/results/bench_matrix_20260428T133552Z/ci-airgap-smoke_synthetic-smoke_Q4_0/qemu_prompt_bench_latest.json,qemu_prompt,pass,2026-04-28T13:35:53Z,99868,ci-airgap-smoke,synthetic-smoke,Q4_0,68fc621f9f3916e73aa05b83ba0fa8da9f3cffad22a1c29f5acf8980d8dd743a,b38e17f8fe6b79397ba9c4cb6dc68ad1d24ed501d479195500b1d8eaf615640d,,199928d2258262b2ca80e491fc637902d45ca3695c316aef71615539bffafad7,macOS-26.2-arm64-arm-64bit-Mach-O,arm64,,/Users/danielmatthews-ferrero/Documents/worktrees/holyc-gpt55/bench/fixtures/qemu_synthetic_bench.py,2,,,0,0,160,1000000,4,2,160.0,715.0292400361784,12400.0,-77.59558333333334,44062.0,81.81373300003257,,,6250.0,1400.2760416666665,,,,,67207168,pass,[],pass,[],pass,[],f884c29d4b92,75dac314e2e0,False,pass,[],unchecked,[]
bench/results/bench_matrix_20260428T133552Z/ci-airgap-smoke_synthetic-smoke_Q8_0/qemu_prompt_bench_20260428T133554Z.json,qemu_prompt,pass,2026-04-28T13:35:54Z,99867,ci-airgap-smoke,synthetic-smoke,Q8_0,68fc621f9f3916e73aa05b83ba0fa8da9f3cffad22a1c29f5acf8980d8dd743a,b38e17f8fe6b79397ba9c4cb6dc68ad1d24ed501d479195500b1d8eaf615640d,,199928d2258262b2ca80e491fc637902d45ca3695c316aef71615539bffafad7,macOS-26.2-arm64-arm-64bit-Mach-O,arm64,,/Users/danielmatthews-ferrero/Documents/worktrees/holyc-gpt55/bench/fixtures/qemu_synthetic_bench.py,2,,,0,0,160,1000000,4,2,160.0,564.3213796648349,12400.0,-70.92108333333334,50052.0,70.91109553458062,,,6250.0,1817.4322916666665,,,,,67207168,pass,[],pass,[],pass,[],f884c29d4b92,75dac314e2e0,False,pass,[],unchecked,[]
bench/results/bench_matrix_20260428T133552Z/ci-airgap-smoke_synthetic-smoke_Q8_0/qemu_prompt_bench_latest.json,qemu_prompt,pass,2026-04-28T13:35:54Z,99867,ci-airgap-smoke,synthetic-smoke,Q8_0,68fc621f9f3916e73aa05b83ba0fa8da9f3cffad22a1c29f5acf8980d8dd743a,b38e17f8fe6b79397ba9c4cb6dc68ad1d24ed501d479195500b1d8eaf615640d,,199928d2258262b2ca80e491fc637902d45ca3695c316aef71615539bffafad7,macOS-26.2-arm64-arm-64bit-Mach-O,arm64,,/Users/danielmatthews-ferrero/Documents/worktrees/holyc-gpt55/bench/fixtures/qemu_synthetic_bench.py,2,,,0,0,160,1000000,4,2,160.0,564.3213796648349,12400.0,-70.92108333333334,50052.0,70.91109553458062,,,6250.0,1817.4322916666665,,,,,67207168,pass,[],pass,[],pass,[],f884c29d4b92,75dac314e2e0,False,pass,[],unchecked,[]
bench/results/qemu_prompt_bench_20260428T134519Z.json,qemu_prompt,pass,2026-04-28T13:45:19Z,99302,synthetic-airgap-smoke,synthetic-smoke,Q4_0,68fc621f9f3916e73aa05b83ba0fa8da9f3cffad22a1c29f5acf8980d8dd743a,e415146c052b9f0baa23706ffde97548f2374f6601337823b4d810c39bed48e7,,21a5fe5c0e2f1cbdfbc4f36f4a5326cb6145cbf77763b3401df2b5c1619f420d,macOS-26.2-arm64-arm-64bit-Mach-O,arm64,,bench/fixtures/qemu_synthetic_bench.py,2,,,0,0,240,1500000,6,0,160.0,637.2849749441228,12400.0,-74.88941666666668,43235.5,71.32540836943554,,,6250.0,1569.4114583333335,,,,,67207168,pass,[],pass,[],pass,[],d580dff2e3e3,75dac314e2e0,False,pass,[],unchecked,[]
bench/results/qemu_prompt_bench_20260428T142810Z.json,qemu_prompt,pass,2026-04-28T14:28:10Z,96731,synthetic-airgap-smoke,synthetic-smoke,Q4_0,68fc621f9f3916e73aa05b83ba0fa8da9f3cffad22a1c29f5acf8980d8dd743a,e415146c052b9f0baa23706ffde97548f2374f6601337823b4d810c39bed48e7,,21a5fe5c0e2f1cbdfbc4f36f4a5326cb6145cbf77763b3401df2b5c1619f420d,macOS-26.2-arm64-arm-64bit-Mach-O,arm64,,bench/fixtures/qemu_synthetic_bench.py,2,,,0,0,240,1500000,6,0,160.0,198.8883435877808,12400.0,-19.28275,55606.5,28.965541800188596,715.8005481410606,,6250.0,5044.828125,,,,,67207168,pass,[],pass,[],pass,[],757d8ba7addc,75dac314e2e0,False,pass,[],unchecked,[]
bench/results/qemu_prompt_bench_20260428T143901Z.json,qemu_prompt,pass,2026-04-28T14:39:01Z,96080,synthetic-airgap-smoke,synthetic-smoke,Q4_0,68fc621f9f3916e73aa05b83ba0fa8da9f3cffad22a1c29f5acf8980d8dd743a,e415146c052b9f0baa23706ffde97548f2374f6601337823b4d810c39bed48e7,,21a5fe5c0e2f1cbdfbc4f36f4a5326cb6145cbf77763b3401df2b5c1619f420d,macOS-26.2-arm64-arm-64bit-Mach-O,arm64,,bench/fixtures/qemu_synthetic_bench.py,2,,,0,0,240,1500000,6,0,160.0,680.4301818966356,12400.0,-75.88941666666668,48669.0,82.24585546825014,829.9444491447433,13303808,6250.0,1506.9114583333335,,,,,67207168,pass,[],pass,[],pass,[],9bcc18706a99,75dac314e2e0,False,pass,[],unchecked,[]
bench/results/bench_matrix_20260428T143936Z/ci-airgap-smoke_synthetic-smoke_Q4_0/qemu_prompt_bench_20260428T143938Z.json,qemu_prompt,pass,2026-04-28T14:39:38Z,96043,ci-airgap-smoke,synthetic-smoke,Q4_0,68fc621f9f3916e73aa05b83ba0fa8da9f3cffad22a1c29f5acf8980d8dd743a,b38e17f8fe6b79397ba9c4cb6dc68ad1d24ed501d479195500b1d8eaf615640d,,199928d2258262b2ca80e491fc637902d45ca3695c316aef71615539bffafad7,macOS-26.2-arm64-arm-64bit-Mach-O,arm64,,/Users/danielmatthews-ferrero/Documents/worktrees/holyc-gpt55/bench/fixtures/qemu_synthetic_bench.py,2,,,0,0,160,1000000,4,2,160.0,221.09977822532838,12400.0,9.400249999999996,58104.0,37.9866098382252,675.4448821173012,15663104,6250.0,6837.515625,,,,,67207168,pass,[],pass,[],pass,[],9bcc18706a99,75dac314e2e0,False,pass,[],unchecked,[]
bench/results/bench_matrix_20260428T143936Z/ci-airgap-smoke_synthetic-smoke_Q4_0/qemu_prompt_bench_latest.json,qemu_prompt,pass,2026-04-28T14:39:38Z,96043,ci-airgap-smoke,synthetic-smoke,Q4_0,68fc621f9f3916e73aa05b83ba0fa8da9f3cffad22a1c29f5acf8980d8dd743a,b38e17f8fe6b79397ba9c4cb6dc68ad1d24ed501d479195500b1d8eaf615640d,,199928d2258262b2ca80e491fc637902d45ca3695c316aef71615539bffafad7,macOS-26.2-arm64-arm-64bit-Mach-O,arm64,,/Users/danielmatthews-ferrero/Documents/worktrees/holyc-gpt55/bench/fixtures/qemu_synthetic_bench.py,2,,,0,0,160,1000000,4,2,160.0,221.09977822532838,12400.0,9.400249999999996,58104.0,37.9866098382252,675.4448821173012,15663104,6250.0,6837.515625,,,,,67207168,pass,[],pass,[],pass,[],9bcc18706a99,75dac314e2e0,False,pass,[],unchecked,[]
bench/results/bench_matrix_20260428T143936Z/ci-airgap-smoke_synthetic-smoke_Q8_0/qemu_prompt_bench_20260428T143940Z.json,qemu_prompt,pass,2026-04-28T14:39:40Z,96041,ci-airgap-smoke,synthetic-smoke,Q8_0,68fc621f9f3916e73aa05b83ba0fa8da9f3cffad22a1c29f5acf8980d8dd743a,b38e17f8fe6b79397ba9c4cb6dc68ad1d24ed501d479195500b1d8eaf615640d,,199928d2258262b2ca80e491fc637902d45ca3695c316aef71615539bffafad7,macOS-26.2-arm64-arm-64bit-Mach-O,arm64,,/Users/danielmatthews-ferrero/Documents/worktrees/holyc-gpt55/bench/fixtures/qemu_synthetic_bench.py,2,,,0,0,160,1000000,4,2,160.0,352.5871466507349,12400.0,-40.49016666666667,50411.5,48.12838839368726,807.1820133088108,14090240,6250.0,3719.3645833333335,,,,,67207168,pass,[],pass,[],pass,[],9bcc18706a99,75dac314e2e0,False,pass,[],unchecked,[]
bench/results/bench_matrix_20260428T143936Z/ci-airgap-smoke_synthetic-smoke_Q8_0/qemu_prompt_bench_latest.json,qemu_prompt,pass,2026-04-28T14:39:40Z,96041,ci-airgap-smoke,synthetic-smoke,Q8_0,68fc621f9f3916e73aa05b83ba0fa8da9f3cffad22a1c29f5acf8980d8dd743a,b38e17f8fe6b79397ba9c4cb6dc68ad1d24ed501d479195500b1d8eaf615640d,,199928d2258262b2ca80e491fc637902d45ca3695c316aef71615539bffafad7,macOS-26.2-arm64-arm-64bit-Mach-O,arm64,,/Users/danielmatthews-ferrero/Documents/worktrees/holyc-gpt55/bench/fixtures/qemu_synthetic_bench.py,2,,,0,0,160,1000000,4,2,160.0,352.5871466507349,12400.0,-40.49016666666667,50411.5,48.12838839368726,807.1820133088108,14090240,6250.0,3719.3645833333335,,,,,67207168,pass,[],pass,[],pass,[],9bcc18706a99,75dac314e2e0,False,pass,[],unchecked,[]
bench/results/bench_matrix_20260428T144908Z/ci-airgap-smoke_synthetic-smoke_Q4_0/qemu_prompt_bench_20260428T144909Z.json,qemu_prompt,pass,2026-04-28T14:49:09Z,95472,ci-airgap-smoke,synthetic-smoke,Q4_0,68fc621f9f3916e73aa05b83ba0fa8da9f3cffad22a1c29f5acf8980d8dd743a,b38e17f8fe6b79397ba9c4cb6dc68ad1d24ed501d479195500b1d8eaf615640d,,199928d2258262b2ca80e491fc637902d45ca3695c316aef71615539bffafad7,macOS-26.2-arm64-arm-64bit-Mach-O,arm64,,/Users/danielmatthews-ferrero/Documents/worktrees/holyc-gpt55/bench/fixtures/qemu_synthetic_bench.py,2,,,0,0,160,1000000,4,2,160.0,624.7592791056438,12400.0,-74.38966666666667,46164.0,74.43845023676931,844.1706348973364,589824,6250.0,1600.6458333333335,,,,,67207168,pass,[],pass,[],pass,[],fd1f1247258a,75dac314e2e0,False,pass,[],unchecked,[]
bench/results/bench_matrix_20260428T144908Z/ci-airgap-smoke_synthetic-smoke_Q4_0/qemu_prompt_bench_latest.json,qemu_prompt,pass,2026-04-28T14:49:09Z,95472,ci-airgap-smoke,synthetic-smoke,Q4_0,68fc621f9f3916e73aa05b83ba0fa8da9f3cffad22a1c29f5acf8980d8dd743a,b38e17f8fe6b79397ba9c4cb6dc68ad1d24ed501d479195500b1d8eaf615640d,,199928d2258262b2ca80e491fc637902d45ca3695c316aef71615539bffafad7,macOS-26.2-arm64-arm-64bit-Mach-O,arm64,,/Users/danielmatthews-ferrero/Documents/worktrees/holyc-gpt55/bench/fixtures/qemu_synthetic_bench.py,2,,,0,0,160,1000000,4,2,160.0,624.7592791056438,12400.0,-74.38966666666667,46164.0,74.43845023676931,844.1706348973364,589824,6250.0,1600.6458333333335,,,,,67207168,pass,[],pass,[],pass,[],fd1f1247258a,75dac314e2e0,False,pass,[],unchecked,[]
bench/results/bench_matrix_20260428T144908Z/ci-airgap-smoke_synthetic-smoke_Q8_0/qemu_prompt_bench_20260428T144909Z.json,qemu_prompt,pass,2026-04-28T14:49:09Z,95472,ci-airgap-smoke,synthetic-smoke,Q8_0,68fc621f9f3916e73aa05b83ba0fa8da9f3cffad22a1c29f5acf8980d8dd743a,b38e17f8fe6b79397ba9c4cb6dc68ad1d24ed501d479195500b1d8eaf615640d,,199928d2258262b2ca80e491fc637902d45ca3695c316aef71615539bffafad7,macOS-26.2-arm64-arm-64bit-Mach-O,arm64,,/Users/danielmatthews-ferrero/Documents/worktrees/holyc-gpt55/bench/fixtures/qemu_synthetic_bench.py,2,,,0,0,160,1000000,4,2,160.0,811.4582432529353,12400.0,-79.8595,41405.0,86.6037869122436,949.661299547124,442368,6250.0,1258.78125,,,,,67207168,pass,[],pass,[],pass,[],fd1f1247258a,75dac314e2e0,False,pass,[],unchecked,[]
bench/results/bench_matrix_20260428T144908Z/ci-airgap-smoke_synthetic-smoke_Q8_0/qemu_prompt_bench_latest.json,qemu_prompt,pass,2026-04-28T14:49:09Z,95472,ci-airgap-smoke,synthetic-smoke,Q8_0,68fc621f9f3916e73aa05b83ba0fa8da9f3cffad22a1c29f5acf8980d8dd743a,b38e17f8fe6b79397ba9c4cb6dc68ad1d24ed501d479195500b1d8eaf615640d,,199928d2258262b2ca80e491fc637902d45ca3695c316aef71615539bffafad7,macOS-26.2-arm64-arm-64bit-Mach-O,arm64,,/Users/danielmatthews-ferrero/Documents/worktrees/holyc-gpt55/bench/fixtures/qemu_synthetic_bench.py,2,,,0,0,160,1000000,4,2,160.0,811.4582432529353,12400.0,-79.8595,41405.0,86.6037869122436,949.661299547124,442368,6250.0,1258.78125,,,,,67207168,pass,[],pass,[],pass,[],fd1f1247258a,75dac314e2e0,False,pass,[],unchecked,[]
bench/results/bench_matrix_20260428T150609Z/ci-airgap-smoke_synthetic-smoke_Q4_0/qemu_prompt_bench_20260428T150611Z.json,qemu_prompt,pass,2026-04-28T15:06:11Z,94450,ci-airgap-smoke,synthetic-smoke,Q4_0,68fc621f9f3916e73aa05b83ba0fa8da9f3cffad22a1c29f5acf8980d8dd743a,b38e17f8fe6b79397ba9c4cb6dc68ad1d24ed501d479195500b1d8eaf615640d,,199928d2258262b2ca80e491fc637902d45ca3695c316aef71615539bffafad7,macOS-26.2-arm64-arm-64bit-Mach-O,arm64,,/Users/danielmatthews-ferrero/Documents/worktrees/holyc-gpt55/bench/fixtures/qemu_synthetic_bench.py,2,,,0,0,160,1000000,4,2,160.0,558.9014972629869,12400.0,-71.26741666666666,45321.5,71.59161800685989,846.6676775094446,622592,6250.0,1795.7864583333335,,,,,67207168,pass,[],pass,[],pass,[],ff0cb4429e89,75dac314e2e0,False,pass,[],unchecked,[]
bench/results/bench_matrix_20260428T150609Z/ci-airgap-smoke_synthetic-smoke_Q4_0/qemu_prompt_bench_latest.json,qemu_prompt,pass,2026-04-28T15:06:11Z,94450,ci-airgap-smoke,synthetic-smoke,Q4_0,68fc621f9f3916e73aa05b83ba0fa8da9f3cffad22a1c29f5acf8980d8dd743a,b38e17f8fe6b79397ba9c4cb6dc68ad1d24ed501d479195500b1d8eaf615640d,,199928d2258262b2ca80e491fc637902d45ca3695c316aef71615539bffafad7,macOS-26.2-arm64-arm-64bit-Mach-O,arm64,,/Users/danielmatthews-ferrero/Documents/worktrees/holyc-gpt55/bench/fixtures/qemu_synthetic_bench.py,2,,,0,0,160,1000000,4,2,160.0,558.9014972629869,12400.0,-71.26741666666666,45321.5,71.59161800685989,846.6676775094446,622592,6250.0,1795.7864583333335,,,,,67207168,pass,[],pass,[],pass,[],ff0cb4429e89,75dac314e2e0,False,pass,[],unchecked,[]
bench/results/bench_matrix_20260428T150609Z/ci-airgap-smoke_synthetic-smoke_Q8_0/qemu_prompt_bench_20260428T150613Z.json,qemu_prompt,pass,2026-04-28T15:06:13Z,94448,ci-airgap-smoke,synthetic-smoke,Q8_0,68fc621f9f3916e73aa05b83ba0fa8da9f3cffad22a1c29f5acf8980d8dd743a,b38e17f8fe6b79397ba9c4cb6dc68ad1d24ed501d479195500b1d8eaf615640d,,199928d2258262b2ca80e491fc637902d45ca3695c316aef71615539bffafad7,macOS-26.2-arm64-arm-64bit-Mach-O,arm64,,/Users/danielmatthews-ferrero/Documents/worktrees/holyc-gpt55/bench/fixtures/qemu_synthetic_bench.py,2,,,0,0,160,1000000,4,2,160.0,784.4054667095666,12400.0,-78.79341666666667,43278.0,84.94942204308498,923.3008168222266,14663680,6250.0,1325.4114583333335,,,,,67207168,pass,[],pass,[],pass,[],ff0cb4429e89,75dac314e2e0,False,pass,[],unchecked,[]
bench/results/bench_matrix_20260428T150609Z/ci-airgap-smoke_synthetic-smoke_Q8_0/qemu_prompt_bench_latest.json,qemu_prompt,pass,2026-04-28T15:06:13Z,94448,ci-airgap-smoke,synthetic-smoke,Q8_0,68fc621f9f3916e73aa05b83ba0fa8da9f3cffad22a1c29f5acf8980d8dd743a,b38e17f8fe6b79397ba9c4cb6dc68ad1d24ed501d479195500b1d8eaf615640d,,199928d2258262b2ca80e491fc637902d45ca3695c316aef71615539bffafad7,macOS-26.2-arm64-arm-64bit-Mach-O,arm64,,/Users/danielmatthews-ferrero/Documents/worktrees/holyc-gpt55/bench/fixtures/qemu_synthetic_bench.py,2,,,0,0,160,1000000,4,2,160.0,784.4054667095666,12400.0,-78.79341666666667,43278.0,84.94942204308498,923.3008168222266,14663680,6250.0,1325.4114583333335,,,,,67207168,pass,[],pass,[],pass,[],ff0cb4429e89,75dac314e2e0,False,pass,[],unchecked,[]
bench/results/bench_matrix_20260428T152031Z/ci-airgap-smoke_synthetic-smoke_Q4_0/qemu_prompt_bench_20260428T152031Z.json,qemu_prompt,pass,2026-04-28T15:20:31Z,93590,ci-airgap-smoke,synthetic-smoke,Q4_0,68fc621f9f3916e73aa05b83ba0fa8da9f3cffad22a1c29f5acf8980d8dd743a,b38e17f8fe6b79397ba9c4cb6dc68ad1d24ed501d479195500b1d8eaf615640d,,199928d2258262b2ca80e491fc637902d45ca3695c316aef71615539bffafad7,macOS-26.2-arm64-arm-64bit-Mach-O,arm64,,/Users/danielmatthews-ferrero/Documents/worktrees/holyc-gpt55/bench/fixtures/qemu_synthetic_bench.py,2,,,0,0,160,1000000,4,2,160.0,673.4995100632523,12400.0,-75.53383333333333,48881.0,80.98933228726831,825.7722585911868,573440,6250.0,1529.1354166666665,,,,,67207168,pass,[],pass,[],pass,[],ff0cb4429e89,75dac314e2e0,False,pass,[],unchecked,[]
bench/results/bench_matrix_20260428T152031Z/ci-airgap-smoke_synthetic-smoke_Q4_0/qemu_prompt_bench_latest.json,qemu_prompt,pass,2026-04-28T15:20:31Z,93590,ci-airgap-smoke,synthetic-smoke,Q4_0,68fc621f9f3916e73aa05b83ba0fa8da9f3cffad22a1c29f5acf8980d8dd743a,b38e17f8fe6b79397ba9c4cb6dc68ad1d24ed501d479195500b1d8eaf615640d,,199928d2258262b2ca80e491fc637902d45ca3695c316aef71615539bffafad7,macOS-26.2-arm64-arm-64bit-Mach-O,arm64,,/Users/danielmatthews-ferrero/Documents/worktrees/holyc-gpt55/bench/fixtures/qemu_synthetic_bench.py,2,,,0,0,160,1000000,4,2,160.0,673.4995100632523,12400.0,-75.53383333333333,48881.0,80.98933228726831,825.7722585911868,573440,6250.0,1529.1354166666665,,,,,67207168,pass,[],pass,[],pass,[],ff0cb4429e89,75dac314e2e0,False,pass,[],unchecked,[]
bench/results/bench_matrix_20260428T152031Z/ci-airgap-smoke_synthetic-smoke_Q8_0/qemu_prompt_bench_20260428T152032Z.json,qemu_prompt,pass,2026-04-28T15:20:32Z,93589,ci-airgap-smoke,synthetic-smoke,Q8_0,68fc621f9f3916e73aa05b83ba0fa8da9f3cffad22a1c29f5acf8980d8dd743a,b38e17f8fe6b79397ba9c4cb6dc68ad1d24ed501d479195500b1d8eaf615640d,,199928d2258262b2ca80e491fc637902d45ca3695c316aef71615539bffafad7,macOS-26.2-arm64-arm-64bit-Mach-O,arm64,,/Users/danielmatthews-ferrero/Documents/worktrees/holyc-gpt55/bench/fixtures/qemu_synthetic_bench.py,2,,,0,0,160,1000000,4,2,160.0,484.7997500046798,12400.0,-66.04366666666667,55121.5,68.72697712750832,726.6583468049969,557056,6250.0,2122.2708333333335,,,,,67207168,pass,[],pass,[],pass,[],ff0cb4429e89,75dac314e2e0,False,pass,[],unchecked,[]
bench/results/bench_matrix_20260428T152031Z/ci-airgap-smoke_synthetic-smoke_Q8_0/qemu_prompt_bench_latest.json,qemu_prompt,pass,2026-04-28T15:20:32Z,93589,ci-airgap-smoke,synthetic-smoke,Q8_0,68fc621f9f3916e73aa05b83ba0fa8da9f3cffad22a1c29f5acf8980d8dd743a,b38e17f8fe6b79397ba9c4cb6dc68ad1d24ed501d479195500b1d8eaf615640d,,199928d2258262b2ca80e491fc637902d45ca3695c316aef71615539bffafad7,macOS-26.2-arm64-arm-64bit-Mach-O,arm64,,/Users/danielmatthews-ferrero/Documents/worktrees/holyc-gpt55/bench/fixtures/qemu_synthetic_bench.py,2,,,0,0,160,1000000,4,2,160.0,484.7997500046798,12400.0,-66.04366666666667,55121.5,68.72697712750832,726.6583468049969,557056,6250.0,2122.2708333333335,,,,,67207168,pass,[],pass,[],pass,[],ff0cb4429e89,75dac314e2e0,False,pass,[],unchecked,[]
bench/results/qemu_prompt_bench_20260428T153243Z.json,qemu_prompt,pass,2026-04-28T15:32:43Z,92858,ci-airgap-smoke,synthetic-smoke,Q4_0,68fc621f9f3916e73aa05b83ba0fa8da9f3cffad22a1c29f5acf8980d8dd743a,e415146c052b9f0baa23706ffde97548f2374f6601337823b4d810c39bed48e7,,21a5fe5c0e2f1cbdfbc4f36f4a5326cb6145cbf77763b3401df2b5c1619f420d,macOS-26.2-arm64-arm-64bit-Mach-O,arm64,,bench/fixtures/qemu_synthetic_bench.py,2,,,0,0,240,1500000,6,0,160.0,450.38861123713104,12400.0,-64.01675,52891.5,72.89808595420675,780.4923544223815,15613952,6250.0,2248.953125,,,,,67207168,pass,[],pass,[],pass,[],a1b8bfdc89b1,75dac314e2e0,False,pass,[],unchecked,[]
bench/results/bench_matrix_20260428T172755Z/ci-airgap-smoke_synthetic-smoke_Q4_0/qemu_prompt_bench_20260428T172755Z.json,qemu_prompt,pass,2026-04-28T17:27:55Z,85946,ci-airgap-smoke,synthetic-smoke,Q4_0,68fc621f9f3916e73aa05b83ba0fa8da9f3cffad22a1c29f5acf8980d8dd743a,1fe7be915be8056f3459da4bb9d1300701c8c673df80addccc4b4a822b33b661,,199928d2258262b2ca80e491fc637902d45ca3695c316aef71615539bffafad7,macOS-26.2-arm64-arm-64bit-Mach-O,arm64,,/Users/danielmatthews-ferrero/Documents/worktrees/holyc-gpt55/bench/fixtures/qemu_synthetic_bench.py,2,,,0,0,160,1000000,4,2,160.0,768.9259091676179,12400.0,-77.12191666666666,41948.0,78.61494420501626,962.4317021194313,458752,6250.0,1429.8802083333333,,,,,67207168,pass,[],pass,[],pass,[],750b69927e30,75dac314e2e0,False,pass,[],unchecked,[]
bench/results/bench_matrix_20260428T172755Z/ci-airgap-smoke_synthetic-smoke_Q4_0/qemu_prompt_bench_latest.json,qemu_prompt,pass,2026-04-28T17:27:55Z,85946,ci-airgap-smoke,synthetic-smoke,Q4_0,68fc621f9f3916e73aa05b83ba0fa8da9f3cffad22a1c29f5acf8980d8dd743a,1fe7be915be8056f3459da4bb9d1300701c8c673df80addccc4b4a822b33b661,,199928d2258262b2ca80e491fc637902d45ca3695c316aef71615539bffafad7,macOS-26.2-arm64-arm-64bit-Mach-O,arm64,,/Users/danielmatthews-ferrero/Documents/worktrees/holyc-gpt55/bench/fixtures/qemu_synthetic_bench.py,2,,,0,0,160,1000000,4,2,160.0,768.9259091676179,12400.0,-77.12191666666666,41948.0,78.61494420501626,962.4317021194313,458752,6250.0,1429.8802083333333,,,,,67207168,pass,[],pass,[],pass,[],750b69927e30,75dac314e2e0,False,pass,[],unchecked,[]
bench/results/bench_matrix_20260428T172755Z/ci-airgap-smoke_synthetic-smoke_Q8_0/qemu_prompt_bench_20260428T172756Z.json,qemu_prompt,pass,2026-04-28T17:27:56Z,85945,ci-airgap-smoke,synthetic-smoke,Q8_0,68fc621f9f3916e73aa05b83ba0fa8da9f3cffad22a1c29f5acf8980d8dd743a,1fe7be915be8056f3459da4bb9d1300701c8c673df80addccc4b4a822b33b661,,199928d2258262b2ca80e491fc637902d45ca3695c316aef71615539bffafad7,macOS-26.2-arm64-arm-64bit-Mach-O,arm64,,/Users/danielmatthews-ferrero/Documents/worktrees/holyc-gpt55/bench/fixtures/qemu_synthetic_bench.py,2,,,0,0,160,1000000,4,2,160.0,704.5695583266175,12400.0,-76.57466666666667,42801.5,76.80512789155361,919.3015179923077,13336576,6250.0,1464.0833333333335,,,,,67207168,pass,[],pass,[],pass,[],750b69927e30,75dac314e2e0,False,pass,[],unchecked,[]
bench/results/bench_matrix_20260428T172755Z/ci-airgap-smoke_synthetic-smoke_Q8_0/qemu_prompt_bench_latest.json,qemu_prompt,pass,2026-04-28T17:27:56Z,85945,ci-airgap-smoke,synthetic-smoke,Q8_0,68fc621f9f3916e73aa05b83ba0fa8da9f3cffad22a1c29f5acf8980d8dd743a,1fe7be915be8056f3459da4bb9d1300701c8c673df80addccc4b4a822b33b661,,199928d2258262b2ca80e491fc637902d45ca3695c316aef71615539bffafad7,macOS-26.2-arm64-arm-64bit-Mach-O,arm64,,/Users/danielmatthews-ferrero/Documents/worktrees/holyc-gpt55/bench/fixtures/qemu_synthetic_bench.py,2,,,0,0,160,1000000,4,2,160.0,704.5695583266175,12400.0,-76.57466666666667,42801.5,76.80512789155361,919.3015179923077,13336576,6250.0,1464.0833333333335,,,,,67207168,pass,[],pass,[],pass,[],750b69927e30,75dac314e2e0,False,pass,[],unchecked,[]
bench/results/bench_matrix_20260428T200733Z/ci-airgap-smoke_synthetic-smoke_Q4_0/qemu_prompt_bench_20260428T200733Z.json,qemu_prompt,pass,2026-04-28T20:07:33Z,76368,ci-airgap-smoke,synthetic-smoke,Q4_0,68fc621f9f3916e73aa05b83ba0fa8da9f3cffad22a1c29f5acf8980d8dd743a,b38e17f8fe6b79397ba9c4cb6dc68ad1d24ed501d479195500b1d8eaf615640d,,199928d2258262b2ca80e491fc637902d45ca3695c316aef71615539bffafad7,macOS-26.2-arm64-arm-64bit-Mach-O,arm64,,/Users/danielmatthews-ferrero/Documents/worktrees/holyc-gpt55/bench/fixtures/qemu_synthetic_bench.py,2,,,0,0,160,1000000,4,2,160.0,733.9915253189117,12400.0,-77.41216666666666,47377.0,84.11610740535409,853.5323873209763,589824,6250.0,1411.7395833333335,,,,,67207168,pass,[],pass,[],pass,[],5025377e127c,75dac314e2e0,False,pass,[],unchecked,[]
bench/results/bench_matrix_20260428T200733Z/ci-airgap-smoke_synthetic-smoke_Q4_0/qemu_prompt_bench_latest.json,qemu_prompt,pass,2026-04-28T20:07:33Z,76368,ci-airgap-smoke,synthetic-smoke,Q4_0,68fc621f9f3916e73aa05b83ba0fa8da9f3cffad22a1c29f5acf8980d8dd743a,b38e17f8fe6b79397ba9c4cb6dc68ad1d24ed501d479195500b1d8eaf615640d,,199928d2258262b2ca80e491fc637902d45ca3695c316aef71615539bffafad7,macOS-26.2-arm64-arm-64bit-Mach-O,arm64,,/Users/danielmatthews-ferrero/Documents/worktrees/holyc-gpt55/bench/fixtures/qemu_synthetic_bench.py,2,,,0,0,160,1000000,4,2,160.0,733.9915253189117,12400.0,-77.41216666666666,47377.0,84.11610740535409,853.5323873209763,589824,6250.0,1411.7395833333335,,,,,67207168,pass,[],pass,[],pass,[],5025377e127c,75dac314e2e0,False,pass,[],unchecked,[]
bench/results/bench_matrix_20260428T200733Z/ci-airgap-smoke_synthetic-smoke_Q8_0/qemu_prompt_bench_20260428T200733Z.json,qemu_prompt,pass,2026-04-28T20:07:33Z,76368,ci-airgap-smoke,synthetic-smoke,Q8_0,68fc621f9f3916e73aa05b83ba0fa8da9f3cffad22a1c29f5acf8980d8dd743a,b38e17f8fe6b79397ba9c4cb6dc68ad1d24ed501d479195500b1d8eaf615640d,,199928d2258262b2ca80e491fc637902d45ca3695c316aef71615539bffafad7,macOS-26.2-arm64-arm-64bit-Mach-O,arm64,,/Users/danielmatthews-ferrero/Documents/worktrees/holyc-gpt55/bench/fixtures/qemu_synthetic_bench.py,2,,,0,0,160,1000000,4,2,160.0,696.2940484179277,12400.0,-75.57133333333334,49428.5,85.1224952734645,815.9517031839418,540672,6250.0,1526.7916666666665,,,,,67207168,pass,[],pass,[],pass,[],5025377e127c,75dac314e2e0,False,pass,[],unchecked,[]
bench/results/bench_matrix_20260428T200733Z/ci-airgap-smoke_synthetic-smoke_Q8_0/qemu_prompt_bench_latest.json,qemu_prompt,pass,2026-04-28T20:07:33Z,76368,ci-airgap-smoke,synthetic-smoke,Q8_0,68fc621f9f3916e73aa05b83ba0fa8da9f3cffad22a1c29f5acf8980d8dd743a,b38e17f8fe6b79397ba9c4cb6dc68ad1d24ed501d479195500b1d8eaf615640d,,199928d2258262b2ca80e491fc637902d45ca3695c316aef71615539bffafad7,macOS-26.2-arm64-arm-64bit-Mach-O,arm64,,/Users/danielmatthews-ferrero/Documents/worktrees/holyc-gpt55/bench/fixtures/qemu_synthetic_bench.py,2,,,0,0,160,1000000,4,2,160.0,696.2940484179277,12400.0,-75.57133333333334,49428.5,85.1224952734645,815.9517031839418,540672,6250.0,1526.7916666666665,,,,,67207168,pass,[],pass,[],pass,[],5025377e127c,75dac314e2e0,False,pass,[],unchecked,[]
bench/results/qemu_prompt_bench_dry_run_20260428T223047Z.json,qemu_prompt_dry_run,planned,2026-04-28T22:30:47Z,67774,,,,68fc621f9f3916e73aa05b83ba0fa8da9f3cffad22a1c29f5acf8980d8dd743a,72742a3c184093a30f9923158e9d8f9f87376e61ba1ff2368bef36920abe9755,b223f9a0e6d1633add356e01e86a8af33c00349530d3d8d9eba2b81b68013712,2d0889b4ce572b0243ae298f219a9b16ad3b70221b9b4cd015f974a9147a489d,macOS-26.2-arm64-arm-64bit-Mach-O,arm64,QEMU emulator version 10.2.2,qemu-system-x86_64,2,,,,,,,4,2,,,,,,,,,,,,,,,,pass,[],pass,[],pass,[],,75dac314e2e0,,unknown,"[""qemu_prompt_dry_run: missing commit metadata""]",unchecked,[]
bench/results/qemu_prompt_bench_20260428T223835Z.json,qemu_prompt,pass,2026-04-28T22:38:35Z,67306,ci-airgap-smoke,synthetic-smoke,Q4_0,68fc621f9f3916e73aa05b83ba0fa8da9f3cffad22a1c29f5acf8980d8dd743a,e415146c052b9f0baa23706ffde97548f2374f6601337823b4d810c39bed48e7,,21a5fe5c0e2f1cbdfbc4f36f4a5326cb6145cbf77763b3401df2b5c1619f420d,macOS-26.2-arm64-arm-64bit-Mach-O,arm64,,bench/fixtures/qemu_synthetic_bench.py,2,,,0,0,240,1500000,6,0,160.0,901.1300121254667,12400.0,-81.90608333333333,38124.5,86.74153602125159,1033.0021107047971,11911168,6250.0,1130.8697916666667,,,,,67207168,pass,[],pass,[],pass,[],04ebfd55f75c,75dac314e2e0,False,pass,[],unchecked,[]
bench/results/qemu_prompt_bench_20260428T225239Z.json,qemu_prompt,pass,2026-04-28T22:52:39Z,66462,synthetic-airgap-smoke,synthetic-smoke,Q4_0,68fc621f9f3916e73aa05b83ba0fa8da9f3cffad22a1c29f5acf8980d8dd743a,e415146c052b9f0baa23706ffde97548f2374f6601337823b4d810c39bed48e7,,21a5fe5c0e2f1cbdfbc4f36f4a5326cb6145cbf77763b3401df2b5c1619f420d,macOS-26.2-arm64-arm-64bit-Mach-O,arm64,,bench/fixtures/qemu_synthetic_bench.py,2,,,0,0,240,1500000,6,0,160.0,487.6212270081674,12400.0,-61.885416666666664,44549.0,55.49470598362777,848.5404279038496,10698752,6250.0,2382.1614583333335,,,,,67207168,pass,[],pass,[],pass,[],825b6d95f7f1,75dac314e2e0,False,pass,[],unchecked,[]
bench/results/bench_matrix_20260428T225257Z/ci-airgap-smoke_synthetic-smoke_Q4_0/qemu_prompt_bench_20260428T225257Z.json,qemu_prompt,pass,2026-04-28T22:52:57Z,66444,ci-airgap-smoke,synthetic-smoke,Q4_0,68fc621f9f3916e73aa05b83ba0fa8da9f3cffad22a1c29f5acf8980d8dd743a,b38e17f8fe6b79397ba9c4cb6dc68ad1d24ed501d479195500b1d8eaf615640d,,199928d2258262b2ca80e491fc637902d45ca3695c316aef71615539bffafad7,macOS-26.2-arm64-arm-64bit-Mach-O,arm64,,/Users/danielmatthews-ferrero/Documents/worktrees/holyc-gpt55/bench/fixtures/qemu_synthetic_bench.py,2,,,0,0,160,1000000,4,2,160.0,918.356418648177,12400.0,-82.07633333333334,38067.5,87.521307680999,1044.985577412864,475136,6250.0,1120.2291666666667,,,,,67207168,pass,[],pass,[],pass,[],825b6d95f7f1,75dac314e2e0,False,pass,[],unchecked,[]
bench/results/bench_matrix_20260428T225257Z/ci-airgap-smoke_synthetic-smoke_Q4_0/qemu_prompt_bench_latest.json,qemu_prompt,pass,2026-04-28T22:52:57Z,66444,ci-airgap-smoke,synthetic-smoke,Q4_0,68fc621f9f3916e73aa05b83ba0fa8da9f3cffad22a1c29f5acf8980d8dd743a,b38e17f8fe6b79397ba9c4cb6dc68ad1d24ed501d479195500b1d8eaf615640d,,199928d2258262b2ca80e491fc637902d45ca3695c316aef71615539bffafad7,macOS-26.2-arm64-arm-64bit-Mach-O,arm64,,/Users/danielmatthews-ferrero/Documents/worktrees/holyc-gpt55/bench/fixtures/qemu_synthetic_bench.py,2,,,0,0,160,1000000,4,2,160.0,918.356418648177,12400.0,-82.07633333333334,38067.5,87.521307680999,1044.985577412864,475136,6250.0,1120.2291666666667,,,,,67207168,pass,[],pass,[],pass,[],825b6d95f7f1,75dac314e2e0,False,pass,[],unchecked,[]
bench/results/bench_matrix_20260428T225257Z/ci-airgap-smoke_synthetic-smoke_Q8_0/qemu_prompt_bench_20260428T225257Z.json,qemu_prompt,pass,2026-04-28T22:52:57Z,66444,ci-airgap-smoke,synthetic-smoke,Q8_0,68fc621f9f3916e73aa05b83ba0fa8da9f3cffad22a1c29f5acf8980d8dd743a,b38e17f8fe6b79397ba9c4cb6dc68ad1d24ed501d479195500b1d8eaf615640d,,199928d2258262b2ca80e491fc637902d45ca3695c316aef71615539bffafad7,macOS-26.2-arm64-arm-64bit-Mach-O,arm64,,/Users/danielmatthews-ferrero/Documents/worktrees/holyc-gpt55/bench/fixtures/qemu_synthetic_bench.py,2,,,0,0,160,1000000,4,2,160.0,896.6050881233355,12400.0,-81.6485,39790.0,87.71563536489064,1021.7463286871321,458752,6250.0,1146.96875,,,,,67207168,pass,[],pass,[],pass,[],825b6d95f7f1,75dac314e2e0,False,pass,[],unchecked,[]
bench/results/bench_matrix_20260428T225257Z/ci-airgap-smoke_synthetic-smoke_Q8_0/qemu_prompt_bench_latest.json,qemu_prompt,pass,2026-04-28T22:52:57Z,66444,ci-airgap-smoke,synthetic-smoke,Q8_0,68fc621f9f3916e73aa05b83ba0fa8da9f3cffad22a1c29f5acf8980d8dd743a,b38e17f8fe6b79397ba9c4cb6dc68ad1d24ed501d479195500b1d8eaf615640d,,199928d2258262b2ca80e491fc637902d45ca3695c316aef71615539bffafad7,macOS-26.2-arm64-arm-64bit-Mach-O,arm64,,/Users/danielmatthews-ferrero/Documents/worktrees/holyc-gpt55/bench/fixtures/qemu_synthetic_bench.py,2,,,0,0,160,1000000,4,2,160.0,896.6050881233355,12400.0,-81.6485,39790.0,87.71563536489064,1021.7463286871321,458752,6250.0,1146.96875,,,,,67207168,pass,[],pass,[],pass,[],825b6d95f7f1,75dac314e2e0,False,pass,[],unchecked,[]
bench/results/qemu_prompt_bench_20260428T231320Z.json,qemu_prompt,pass,2026-04-28T23:13:20Z,65221,synthetic-airgap-smoke,synthetic-smoke,Q4_0,68fc621f9f3916e73aa05b83ba0fa8da9f3cffad22a1c29f5acf8980d8dd743a,cd63fce9b104ed8c38566a736230f0f586e388a4959cc554564571547acc6e6a,,21a5fe5c0e2f1cbdfbc4f36f4a5326cb6145cbf77763b3401df2b5c1619f420d,macOS-26.2-arm64-arm-64bit-Mach-O,arm64,,bench/fixtures/qemu_synthetic_bench.py,2,,,0,0,240,1500000,6,2,160.0,626.0538723100858,12400.0,-74.03800000000001,46797.0,81.32137100423711,777.6025132149398,15187968,6250.0,1622.625,,,,,67207168,pass,[],pass,[],pass,[],3d5824a5de05,75dac314e2e0,False,pass,[],unchecked,[]
bench/results/qemu_prompt_bench_dry_run_20260428T231332Z.json,qemu_prompt_dry_run,planned,2026-04-28T23:13:32Z,65209,,,,68fc621f9f3916e73aa05b83ba0fa8da9f3cffad22a1c29f5acf8980d8dd743a,cd63fce9b104ed8c38566a736230f0f586e388a4959cc554564571547acc6e6a,9bf69bc6a6f70cc016dc9f5eb260948a2c5781fc504d397f36ac0e6992b91fff,21a5fe5c0e2f1cbdfbc4f36f4a5326cb6145cbf77763b3401df2b5c1619f420d,macOS-26.2-arm64-arm-64bit-Mach-O,arm64,,bench/fixtures/qemu_synthetic_bench.py,2,,,,,,,6,2,,,,,,,,,,,,,,,,pass,[],pass,[],pass,[],,75dac314e2e0,,unknown,"[""qemu_prompt_dry_run: missing commit metadata""]",unchecked,[]
bench/results/qemu_prompt_bench_20260429T012002Z.json,qemu_prompt,pass,2026-04-29T01:20:02Z,57619,synthetic-airgap-smoke,synthetic-smoke,Q4_0,68fc621f9f3916e73aa05b83ba0fa8da9f3cffad22a1c29f5acf8980d8dd743a,e415146c052b9f0baa23706ffde97548f2374f6601337823b4d810c39bed48e7,,21a5fe5c0e2f1cbdfbc4f36f4a5326cb6145cbf77763b3401df2b5c1619f420d,macOS-26.2-arm64-arm-64bit-Mach-O,arm64,,bench/fixtures/qemu_synthetic_bench.py,2,,,0,0,240,1500000,6,0,160.0,786.125813946996,12400.0,-79.37733333333333,40951.5,86.41080985137225,923.699982266683,12369920,6250.0,1288.9166666666665,,,,,67207168,pass,[],pass,[],pass,[],756c0a850ab9,75dac314e2e0,False,pass,[],unchecked,[]
bench/results/qemu_prompt_bench_20260429T015022Z.json,qemu_prompt,pass,2026-04-29T01:50:22Z,55799,ci-airgap-smoke,synthetic-smoke,Q4_0,68fc621f9f3916e73aa05b83ba0fa8da9f3cffad22a1c29f5acf8980d8dd743a,e415146c052b9f0baa23706ffde97548f2374f6601337823b4d810c39bed48e7,,21a5fe5c0e2f1cbdfbc4f36f4a5326cb6145cbf77763b3401df2b5c1619f420d,macOS-26.2-arm64-arm-64bit-Mach-O,arm64,,bench/fixtures/qemu_synthetic_bench.py,2,,,0,0,160,1000000,4,2,160.0,449.21989960075143,12400.0,-63.87625,59528.5,73.67986385125545,696.6812250162186,589824,6250.0,2257.734375,,,,,67207168,pass,[],pass,[],pass,[],1bd6822f408f,75dac314e2e0,False,pass,[],unchecked,[]
bench/results/qemu_prompt_bench_20260429T020052Z.json,qemu_prompt,pass,2026-04-29T02:00:52Z,55169,ci-airgap-smoke,synthetic-smoke,Q4_0,68fc621f9f3916e73aa05b83ba0fa8da9f3cffad22a1c29f5acf8980d8dd743a,16276fe5218629c6d18b6c6bd2d299bf0826c2ddd15ff0ce3871037bda7f4a6b,,21a5fe5c0e2f1cbdfbc4f36f4a5326cb6145cbf77763b3401df2b5c1619f420d,macOS-26.2-arm64-arm-64bit-Mach-O,arm64,,bench/fixtures/qemu_synthetic_bench.py,2,,,0,0,160,1000000,4,2,160.0,441.148757360237,12400.0,-63.66108333333334,45848.0,51.959051957701554,867.9451389692463,15024128,6250.0,2271.182291666667,,,440,110,67207168,pass,[],pass,[],pass,[],3669b227bc52,75dac314e2e0,False,pass,[],unchecked,[]
bench/results/qemu_prompt_bench_20260429T024845Z.json,qemu_prompt,pass,2026-04-29T02:48:45Z,52296,ci-airgap-smoke,synthetic-smoke,Q4_0,68fc621f9f3916e73aa05b83ba0fa8da9f3cffad22a1c29f5acf8980d8dd743a,e415146c052b9f0baa23706ffde97548f2374f6601337823b4d810c39bed48e7,,21a5fe5c0e2f1cbdfbc4f36f4a5326cb6145cbf77763b3401df2b5c1619f420d,macOS-26.2-arm64-arm-64bit-Mach-O,arm64,,bench/fixtures/qemu_synthetic_bench.py,2,,,0,0,240,1500000,6,0,160.0,594.8180237988673,12400.0,-73.0995,49215.0,84.47189129995255,769.3308350086106,10354688,6250.0,1681.28125,,,660,110,67207168,pass,[],pass,[],pass,[],7aae33645cab,75dac314e2e0,False,pass,[],unchecked,[]
bench/results/qemu_prompt_bench_20260429T032337Z.json,qemu_prompt,pass,2026-04-29T03:23:37Z,50204,ci-airgap-smoke,synthetic-smoke,Q4_0,68fc621f9f3916e73aa05b83ba0fa8da9f3cffad22a1c29f5acf8980d8dd743a,e415146c052b9f0baa23706ffde97548f2374f6601337823b4d810c39bed48e7,87148377012250dda7f1be10ab8c73ac784dd582df50f95013f6da0406443d6f,21a5fe5c0e2f1cbdfbc4f36f4a5326cb6145cbf77763b3401df2b5c1619f420d,macOS-26.2-arm64-arm-64bit-Mach-O,arm64,,bench/fixtures/qemu_synthetic_bench.py,2,,,0,0,240,1500000,6,0,160.0,735.2091577769072,12400.0,-77.76283333333333,47656.0,81.56673962764935,888.5403721178727,11436032,6250.0,1389.8229166666665,,,660,110,67207168,pass,[],pass,[],pass,[],181a607ff1c6,75dac314e2e0,False,pass,[],unchecked,[]
bench/results/qemu_prompt_bench_dry_run_20260429T032337Z.json,qemu_prompt_dry_run,planned,2026-04-29T03:23:37Z,50204,,,,68fc621f9f3916e73aa05b83ba0fa8da9f3cffad22a1c29f5acf8980d8dd743a,e415146c052b9f0baa23706ffde97548f2374f6601337823b4d810c39bed48e7,0e6e0a7f4f79bd3404fa242861cd90d1b5e7ec08fce24797dc36bddcb8535a86,21a5fe5c0e2f1cbdfbc4f36f4a5326cb6145cbf77763b3401df2b5c1619f420d,macOS-26.2-arm64-arm-64bit-Mach-O,arm64,,bench/fixtures/qemu_synthetic_bench.py,2,,,,,,,4,2,,,,,,,,,,,,,,,,pass,[],pass,[],pass,[],,75dac314e2e0,,unknown,"[""qemu_prompt_dry_run: missing commit metadata""]",unchecked,[]
bench/results/qemu_prompt_bench_20260429T041410Z.json,qemu_prompt,pass,2026-04-29T04:14:10Z,47171,ci-airgap-smoke,synthetic-smoke,Q4_0,68fc621f9f3916e73aa05b83ba0fa8da9f3cffad22a1c29f5acf8980d8dd743a,16276fe5218629c6d18b6c6bd2d299bf0826c2ddd15ff0ce3871037bda7f4a6b,0e6e0a7f4f79bd3404fa242861cd90d1b5e7ec08fce24797dc36bddcb8535a86,21a5fe5c0e2f1cbdfbc4f36f4a5326cb6145cbf77763b3401df2b5c1619f420d,macOS-26.2-arm64-arm-64bit-Mach-O,arm64,,bench/fixtures/qemu_synthetic_bench.py,2,,,0,0,160,1000000,4,2,160.0,570.6232093947341,12400.0,-68.16966666666667,47065.0,66.61370253231435,859.4626586097987,13336576,6250.0,1989.3958333333335,,,440,110,67207168,pass,[],pass,[],pass,[],b091c33043ad,75dac314e2e0,False,pass,[],unchecked,[]
bench/results/qemu_prompt_bench_20260429T060039Z.json,qemu_prompt,pass,2026-04-29T06:00:39Z,40782,ci-airgap-smoke,synthetic-smoke,Q4_0,68fc621f9f3916e73aa05b83ba0fa8da9f3cffad22a1c29f5acf8980d8dd743a,e415146c052b9f0baa23706ffde97548f2374f6601337823b4d810c39bed48e7,87148377012250dda7f1be10ab8c73ac784dd582df50f95013f6da0406443d6f,21a5fe5c0e2f1cbdfbc4f36f4a5326cb6145cbf77763b3401df2b5c1619f420d,macOS-26.2-arm64-arm-64bit-Mach-O,arm64,,bench/fixtures/qemu_synthetic_bench.py,2,,,0,0,240,1500000,6,0,160.0,378.5251105099187,12400.0,-57.02408333333334,68680.0,70.77391335916201,577.2327499518412,589824,6250.0,2685.994791666667,1749674.6666666665,2099200.0,660,110,67207168,pass,[],pass,[],pass,[],c758f266b83c,75dac314e2e0,False,pass,[],unchecked,[]
bench/results/qemu_prompt_bench_20260429T062942Z.json,qemu_prompt,pass,2026-04-29T06:29:42Z,39039,ci-airgap-smoke,synthetic-smoke,Q4_0,68fc621f9f3916e73aa05b83ba0fa8da9f3cffad22a1c29f5acf8980d8dd743a,237d2ed6d810297657001950f1ad01f0ff59d2b8e1011629c4500ef508be9b7a,7bf1257265af0839c236008631b4062821e27fef1c51977fd318fdf878f2db14,21a5fe5c0e2f1cbdfbc4f36f4a5326cb6145cbf77763b3401df2b5c1619f420d,macOS-26.2-arm64-arm-64bit-Mach-O,arm64,,bench/fixtures/qemu_synthetic_bench.py,2,,,0,0,80,500000,2,0,160.0,565.0753170519883,12360.0,-69.82916666666667,60680.0,84.65786637778616,667.0847924179864,589824,6250.0,1885.6770833333335,1749674.6666666665,2099200.0,390,195,67207168,pass,[],pass,[],pass,[],6b0ce9e72312,75dac314e2e0,False,pass,[],unchecked,[]
bench/results/qemu_prompt_bench_20260429T065359Z.json,qemu_prompt,pass,2026-04-29T06:53:59Z,37582,ci-airgap-smoke,synthetic-smoke,Q4_0,68fc621f9f3916e73aa05b83ba0fa8da9f3cffad22a1c29f5acf8980d8dd743a,237d2ed6d810297657001950f1ad01f0ff59d2b8e1011629c4500ef508be9b7a,7bf1257265af0839c236008631b4062821e27fef1c51977fd318fdf878f2db14,21a5fe5c0e2f1cbdfbc4f36f4a5326cb6145cbf77763b3401df2b5c1619f420d,macOS-26.2-arm64-arm-64bit-Mach-O,arm64,,bench/fixtures/qemu_synthetic_bench.py,2,,,0,0,80,500000,2,0,160.0,590.5789355785403,12360.0,-70.98208333333334,58843.0,85.54990374420052,689.2967648823636,17563648,6250.0,1813.6197916666665,1749674.6666666665,2099200.0,430,215,67207168,pass,[],pass,[],pass,[],fbd5f28e06c8,75dac314e2e0,False,pass,[],unchecked,[]
bench/results/bench_matrix_latest.json,bench_matrix_cell,pass,2026-04-29T09:44:56Z,27325,ci-airgap-smoke,synthetic-smoke,Q4_0,68fc621f9f3916e73aa05b83ba0fa8da9f3cffad22a1c29f5acf8980d8dd743a,b38e17f8fe6b79397ba9c4cb6dc68ad1d24ed501d479195500b1d8eaf615640d,0e6e0a7f4f79bd3404fa242861cd90d1b5e7ec08fce24797dc36bddcb8535a86,,,,,,2,,,,,160,1000000,4,2,160.0,610.2771864682886,12400.0,-72.66183333333333,57410.0,87.54550608387382,696.5403297466232,589824,6250.0,1708.6354166666665,,,,,67207168,pass,[],pass,[],pass,[],b397ba037624,75dac314e2e0,False,pass,[],unchecked,[]
bench/results/bench_matrix_latest.json,bench_matrix_cell,pass,2026-04-29T09:44:56Z,27325,ci-airgap-smoke,synthetic-smoke,Q8_0,68fc621f9f3916e73aa05b83ba0fa8da9f3cffad22a1c29f5acf8980d8dd743a,b38e17f8fe6b79397ba9c4cb6dc68ad1d24ed501d479195500b1d8eaf615640d,0e6e0a7f4f79bd3404fa242861cd90d1b5e7ec08fce24797dc36bddcb8535a86,,,,,,2,,,,,160,1000000,4,2,160.0,741.7273624599818,12400.0,-78.21275,43943.0,86.77005822905193,855.8183912625502,458752,6250.0,1361.703125,,,,,67207168,pass,[],pass,[],pass,[],b397ba037624,75dac314e2e0,False,pass,[],unchecked,[]
bench/results/bench_matrix_20260429T094455Z/ci-airgap-smoke_synthetic-smoke_Q4_0/qemu_prompt_bench_20260429T094456Z.json,qemu_prompt,pass,2026-04-29T09:44:56Z,27325,ci-airgap-smoke,synthetic-smoke,Q4_0,68fc621f9f3916e73aa05b83ba0fa8da9f3cffad22a1c29f5acf8980d8dd743a,b38e17f8fe6b79397ba9c4cb6dc68ad1d24ed501d479195500b1d8eaf615640d,0e6e0a7f4f79bd3404fa242861cd90d1b5e7ec08fce24797dc36bddcb8535a86,199928d2258262b2ca80e491fc637902d45ca3695c316aef71615539bffafad7,macOS-26.2-arm64-arm-64bit-Mach-O,arm64,,/Users/danielmatthews-ferrero/Documents/worktrees/holyc-gpt55/bench/fixtures/qemu_synthetic_bench.py,2,,,0,0,160,1000000,4,2,160.0,610.2771864682886,12400.0,-72.66183333333333,57410.0,87.54550608387382,696.5403297466232,589824,6250.0,1708.6354166666665,1749674.6666666665,2099200.0,860,215,67207168,pass,[],pass,[],pass,[],b397ba037624,75dac314e2e0,False,pass,[],unchecked,[]
bench/results/bench_matrix_20260429T094455Z/ci-airgap-smoke_synthetic-smoke_Q4_0/qemu_prompt_bench_latest.json,qemu_prompt,pass,2026-04-29T09:44:56Z,27325,ci-airgap-smoke,synthetic-smoke,Q4_0,68fc621f9f3916e73aa05b83ba0fa8da9f3cffad22a1c29f5acf8980d8dd743a,b38e17f8fe6b79397ba9c4cb6dc68ad1d24ed501d479195500b1d8eaf615640d,0e6e0a7f4f79bd3404fa242861cd90d1b5e7ec08fce24797dc36bddcb8535a86,199928d2258262b2ca80e491fc637902d45ca3695c316aef71615539bffafad7,macOS-26.2-arm64-arm-64bit-Mach-O,arm64,,/Users/danielmatthews-ferrero/Documents/worktrees/holyc-gpt55/bench/fixtures/qemu_synthetic_bench.py,2,,,0,0,160,1000000,4,2,160.0,610.2771864682886,12400.0,-72.66183333333333,57410.0,87.54550608387382,696.5403297466232,589824,6250.0,1708.6354166666665,1749674.6666666665,2099200.0,860,215,67207168,pass,[],pass,[],pass,[],b397ba037624,75dac314e2e0,False,pass,[],unchecked,[]
bench/results/bench_matrix_20260429T094455Z/ci-airgap-smoke_synthetic-smoke_Q8_0/qemu_prompt_bench_20260429T094456Z.json,qemu_prompt,pass,2026-04-29T09:44:56Z,27325,ci-airgap-smoke,synthetic-smoke,Q8_0,68fc621f9f3916e73aa05b83ba0fa8da9f3cffad22a1c29f5acf8980d8dd743a,b38e17f8fe6b79397ba9c4cb6dc68ad1d24ed501d479195500b1d8eaf615640d,0e6e0a7f4f79bd3404fa242861cd90d1b5e7ec08fce24797dc36bddcb8535a86,199928d2258262b2ca80e491fc637902d45ca3695c316aef71615539bffafad7,macOS-26.2-arm64-arm-64bit-Mach-O,arm64,,/Users/danielmatthews-ferrero/Documents/worktrees/holyc-gpt55/bench/fixtures/qemu_synthetic_bench.py,2,,,0,0,160,1000000,4,2,160.0,741.7273624599818,12400.0,-78.21275,43943.0,86.77005822905193,855.8183912625502,458752,6250.0,1361.703125,1749674.6666666665,2099200.0,860,215,67207168,pass,[],pass,[],pass,[],b397ba037624,75dac314e2e0,False,pass,[],unchecked,[]
bench/results/bench_matrix_20260429T094455Z/ci-airgap-smoke_synthetic-smoke_Q8_0/qemu_prompt_bench_latest.json,qemu_prompt,pass,2026-04-29T09:44:56Z,27325,ci-airgap-smoke,synthetic-smoke,Q8_0,68fc621f9f3916e73aa05b83ba0fa8da9f3cffad22a1c29f5acf8980d8dd743a,b38e17f8fe6b79397ba9c4cb6dc68ad1d24ed501d479195500b1d8eaf615640d,0e6e0a7f4f79bd3404fa242861cd90d1b5e7ec08fce24797dc36bddcb8535a86,199928d2258262b2ca80e491fc637902d45ca3695c316aef71615539bffafad7,macOS-26.2-arm64-arm-64bit-Mach-O,arm64,,/Users/danielmatthews-ferrero/Documents/worktrees/holyc-gpt55/bench/fixtures/qemu_synthetic_bench.py,2,,,0,0,160,1000000,4,2,160.0,741.7273624599818,12400.0,-78.21275,43943.0,86.77005822905193,855.8183912625502,458752,6250.0,1361.703125,1749674.6666666665,2099200.0,860,215,67207168,pass,[],pass,[],pass,[],b397ba037624,75dac314e2e0,False,pass,[],unchecked,[]
bench/results/qemu_prompt_bench_20260429T102512Z.json,qemu_prompt,pass,2026-04-29T10:25:12Z,24909,ci-airgap-smoke,synthetic-smoke,Q4_0,68fc621f9f3916e73aa05b83ba0fa8da9f3cffad22a1c29f5acf8980d8dd743a,e415146c052b9f0baa23706ffde97548f2374f6601337823b4d810c39bed48e7,87148377012250dda7f1be10ab8c73ac784dd582df50f95013f6da0406443d6f,21a5fe5c0e2f1cbdfbc4f36f4a5326cb6145cbf77763b3401df2b5c1619f420d,macOS-26.2-arm64-arm-64bit-Mach-O,arm64,,bench/fixtures/qemu_synthetic_bench.py,2,,,0,0,240,1500000,6,0,160.0,676.0799919547803,12400.0,-75.58608333333333,47110.5,83.41177292706416,822.1260128150865,589824,6250.0,1525.8697916666665,1749674.6666666665,2099200.0,1290,215,67207168,pass,[],pass,[],pass,[],de3a1b82f5eb,75dac314e2e0,False,pass,[],unchecked,[]
bench/results/qemu_prompt_bench_20260429T103312Z.json,qemu_prompt,pass,2026-04-29T10:33:12Z,24429,ci-airgap-smoke,synthetic-smoke,Q4_0,68fc621f9f3916e73aa05b83ba0fa8da9f3cffad22a1c29f5acf8980d8dd743a,e415146c052b9f0baa23706ffde97548f2374f6601337823b4d810c39bed48e7,7bf1257265af0839c236008631b4062821e27fef1c51977fd318fdf878f2db14,21a5fe5c0e2f1cbdfbc4f36f4a5326cb6145cbf77763b3401df2b5c1619f420d,macOS-26.2-arm64-arm-64bit-Mach-O,arm64,,bench/fixtures/qemu_synthetic_bench.py,2,,,0,0,80,500000,2,0,160.0,370.8645509599444,12360.0,375.54600000000005,61777.5,39.767234413273684,697.0406206856337,17547264,6250.0,29721.625,1749674.6666666665,2099200.0,430,215,67207168,pass,[],pass,[],pass,[],de3a1b82f5eb,75dac314e2e0,False,pass,[],unchecked,[]
bench/results/qemu_prompt_bench_dry_run_20260429T133647Z.json,qemu_prompt_dry_run,planned,2026-04-29T13:36:47Z,13414,,,,68fc621f9f3916e73aa05b83ba0fa8da9f3cffad22a1c29f5acf8980d8dd743a,e415146c052b9f0baa23706ffde97548f2374f6601337823b4d810c39bed48e7,1984f18af8d221fea7e13bfa2403bd87662cb633f728095187b698a10b4f99c5,21a5fe5c0e2f1cbdfbc4f36f4a5326cb6145cbf77763b3401df2b5c1619f420d,macOS-26.2-arm64-arm-64bit-Mach-O,arm64,,bench/fixtures/qemu_synthetic_bench.py,2,2,80,,,,,4,2,,,,,,,,,,,,,,,,pass,[],pass,[],pass,[],,75dac314e2e0,,unknown,"[""qemu_prompt_dry_run: missing commit metadata""]",unchecked,[]
bench/results/qemu_prompt_bench_20260429T143532Z.json,qemu_prompt,pass,2026-04-29T14:35:32Z,9889,ci-airgap-smoke,synthetic-smoke,Q4_0,68fc621f9f3916e73aa05b83ba0fa8da9f3cffad22a1c29f5acf8980d8dd743a,633b78c56d2f2d5c6739b10ca9b48d66a6bb83328887ac7aceabb4ab48fd1c96,1984f18af8d221fea7e13bfa2403bd87662cb633f728095187b698a10b4f99c5,21a5fe5c0e2f1cbdfbc4f36f4a5326cb6145cbf77763b3401df2b5c1619f420d,macOS-26.2-arm64-arm-64bit-Mach-O,arm64,,bench/fixtures/qemu_synthetic_bench.py,2,2,80,4,0,160,1000000,4,2,160.0,601.2629024267237,12400.0,-72.3185,57976.0,87.1998566328503,683.0945851572324,589824,6250.0,1730.09375,1749674.6666666665,2099200.0,860,215,67207168,pass,[],pass,[],pass,[],2eff9dd6eca4,75dac314e2e0,False,pass,[],unchecked,[]
bench/results/qemu_prompt_bench_20260429T153144Z.json,qemu_prompt,pass,2026-04-29T15:31:44Z,6517,ci-airgap-smoke,synthetic-smoke,Q4_0,68fc621f9f3916e73aa05b83ba0fa8da9f3cffad22a1c29f5acf8980d8dd743a,633b78c56d2f2d5c6739b10ca9b48d66a6bb83328887ac7aceabb4ab48fd1c96,1984f18af8d221fea7e13bfa2403bd87662cb633f728095187b698a10b4f99c5,21a5fe5c0e2f1cbdfbc4f36f4a5326cb6145cbf77763b3401df2b5c1619f420d,macOS-26.2-arm64-arm-64bit-Mach-O,arm64,,bench/fixtures/qemu_synthetic_bench.py,2,2,80,4,0,160,1000000,4,2,160.0,26.346117302462304,12400.0,525.3695833333334,80438.0,5.3317483768909755,497.6091822718736,18038784,6250.0,39085.598958333336,1749674.6666666665,2099200.0,860,215,67207168,pass,[],pass,[],pass,[],a8c04df16fa5,75dac314e2e0,False,pass,[],unchecked,[]
bench/results/qemu_prompt_bench_dry_run_20260429T153218Z.json,qemu_prompt_dry_run,planned,2026-04-29T15:32:18Z,6483,ci-airgap-smoke,synthetic-smoke,Q4_0,68fc621f9f3916e73aa05b83ba0fa8da9f3cffad22a1c29f5acf8980d8dd743a,633b78c56d2f2d5c6739b10ca9b48d66a6bb83328887ac7aceabb4ab48fd1c96,1984f18af8d221fea7e13bfa2403bd87662cb633f728095187b698a10b4f99c5,21a5fe5c0e2f1cbdfbc4f36f4a5326cb6145cbf77763b3401df2b5c1619f420d,macOS-26.2-arm64-arm-64bit-Mach-O,arm64,,bench/fixtures/qemu_synthetic_bench.py,2,2,80,,,,,4,2,,,,,,,,,,,,,,,,pass,[],pass,[],pass,[],a8c04df16fa5,75dac314e2e0,False,pass,[],unchecked,[]
bench/results/qemu_prompt_bench_20260429T160551Z.json,qemu_prompt,pass,2026-04-29T16:05:51Z,4470,ci-airgap-smoke,synthetic-smoke,Q4_0,68fc621f9f3916e73aa05b83ba0fa8da9f3cffad22a1c29f5acf8980d8dd743a,633b78c56d2f2d5c6739b10ca9b48d66a6bb83328887ac7aceabb4ab48fd1c96,1984f18af8d221fea7e13bfa2403bd87662cb633f728095187b698a10b4f99c5,21a5fe5c0e2f1cbdfbc4f36f4a5326cb6145cbf77763b3401df2b5c1619f420d,macOS-26.2-arm64-arm-64bit-Mach-O,arm64,,bench/fixtures/qemu_synthetic_bench.py,2,2,80,4,0,160,1000000,4,2,160.0,503.0456285257541,12400.0,-66.16391666666667,57267.5,71.30727504362366,700.007464967003,17776640,6250.0,2114.7552083333335,1749674.6666666665,2099200.0,860,215,67207168,pass,[],pass,[],pass,[],8c159ecc4cea,75dac314e2e0,False,pass,[],unchecked,[]
bench/results/qemu_prompt_bench_20260429T161025Z.json,qemu_prompt,pass,2026-04-29T16:10:25Z,4196,ci-airgap-smoke,synthetic-smoke,Q4_0,68fc621f9f3916e73aa05b83ba0fa8da9f3cffad22a1c29f5acf8980d8dd743a,633b78c56d2f2d5c6739b10ca9b48d66a6bb83328887ac7aceabb4ab48fd1c96,1984f18af8d221fea7e13bfa2403bd87662cb633f728095187b698a10b4f99c5,21a5fe5c0e2f1cbdfbc4f36f4a5326cb6145cbf77763b3401df2b5c1619f420d,macOS-26.2-arm64-arm-64bit-Mach-O,arm64,,bench/fixtures/qemu_synthetic_bench.py,2,2,80,4,0,160,1000000,4,2,160.0,28.372793299478296,12400.0,464.5324166666667,61849.5,4.765434916416213,631.6470055206804,18497536,6250.0,35283.27604166667,1749674.6666666665,2099200.0,860,215,67207168,pass,[],pass,[],pass,[],8c159ecc4cea,75dac314e2e0,False,pass,[],unchecked,[]
bench/results/qemu_prompt_bench_20260429T170155Z.json,qemu_prompt,pass,2026-04-29T17:01:55Z,1106,ci-airgap-smoke,synthetic-smoke,Q4_0,68fc621f9f3916e73aa05b83ba0fa8da9f3cffad22a1c29f5acf8980d8dd743a,633b78c56d2f2d5c6739b10ca9b48d66a6bb83328887ac7aceabb4ab48fd1c96,1984f18af8d221fea7e13bfa2403bd87662cb633f728095187b698a10b4f99c5,21a5fe5c0e2f1cbdfbc4f36f4a5326cb6145cbf77763b3401df2b5c1619f420d,macOS-26.2-arm64-arm-64bit-Mach-O,arm64,,bench/fixtures/qemu_synthetic_bench.py,2,2,80,4,0,160,1000000,4,2,160.0,238.18518141817043,12400.0,-27.23275,53862.5,31.281419425968032,746.7653586783431,6914048,6250.0,4547.953125,1749674.6666666665,2099200.0,860,215,67207168,pass,[],pass,[],pass,[],2a6d550dfc92,75dac314e2e0,False,pass,[],unchecked,[]
bench/results/qemu_prompt_bench_latest.json,qemu_prompt,pass,2026-04-29T17:01:55Z,1106,ci-airgap-smoke,synthetic-smoke,Q4_0,68fc621f9f3916e73aa05b83ba0fa8da9f3cffad22a1c29f5acf8980d8dd743a,633b78c56d2f2d5c6739b10ca9b48d66a6bb83328887ac7aceabb4ab48fd1c96,1984f18af8d221fea7e13bfa2403bd87662cb633f728095187b698a10b4f99c5,21a5fe5c0e2f1cbdfbc4f36f4a5326cb6145cbf77763b3401df2b5c1619f420d,macOS-26.2-arm64-arm-64bit-Mach-O,arm64,,bench/fixtures/qemu_synthetic_bench.py,2,2,80,4,0,160,1000000,4,2,160.0,238.18518141817043,12400.0,-27.23275,53862.5,31.281419425968032,746.7653586783431,6914048,6250.0,4547.953125,1749674.6666666665,2099200.0,860,215,67207168,pass,[],pass,[],pass,[],2a6d550dfc92,75dac314e2e0,False,pass,[],unchecked,[]
bench/results/qemu_prompt_bench_dry_run_20260429T170331Z.json,qemu_prompt_dry_run,planned,2026-04-29T17:03:31Z,1010,ci-airgap-smoke,synthetic-smoke,Q4_0,68fc621f9f3916e73aa05b83ba0fa8da9f3cffad22a1c29f5acf8980d8dd743a,633b78c56d2f2d5c6739b10ca9b48d66a6bb83328887ac7aceabb4ab48fd1c96,1984f18af8d221fea7e13bfa2403bd87662cb633f728095187b698a10b4f99c5,21a5fe5c0e2f1cbdfbc4f36f4a5326cb6145cbf77763b3401df2b5c1619f420d,macOS-26.2-arm64-arm-64bit-Mach-O,arm64,,bench/fixtures/qemu_synthetic_bench.py,2,2,80,,,,,4,2,,,,,,,,,,,,,,,,pass,[],pass,[],pass,[],2a6d550dfc92,75dac314e2e0,False,pass,[],unchecked,[]
bench/results/qemu_prompt_bench_dry_run_latest.json,qemu_prompt_dry_run,planned,2026-04-29T17:03:31Z,1010,ci-airgap-smoke,synthetic-smoke,Q4_0,68fc621f9f3916e73aa05b83ba0fa8da9f3cffad22a1c29f5acf8980d8dd743a,633b78c56d2f2d5c6739b10ca9b48d66a6bb83328887ac7aceabb4ab48fd1c96,1984f18af8d221fea7e13bfa2403bd87662cb633f728095187b698a10b4f99c5,21a5fe5c0e2f1cbdfbc4f36f4a5326cb6145cbf77763b3401df2b5c1619f420d,macOS-26.2-arm64-arm-64bit-Mach-O,arm64,,bench/fixtures/qemu_synthetic_bench.py,2,2,80,,,,,4,2,,,,,,,,,,,,,,,,pass,[],pass,[],pass,[],2a6d550dfc92,75dac314e2e0,False,pass,[],unchecked,[]
