key,source,artifact_type,status,generated_at,generated_age_seconds,profile,model,quantization,prompt_suite_sha256,command_sha256,measured_runs,warmup_runs,median_tok_per_s,host_child_tok_per_cpu_s_median,host_child_peak_rss_bytes_max,max_memory_bytes,telemetry_status,telemetry_findings,command_hash_status,command_hash_findings,command_airgap_status,commit,current_commit,current_commit_match,commit_status,commit_findings,freshness_status,freshness_findings,sha256,bytes
ci-airgap-smoke/synthetic-smoke/Q4_0/68fc621f9f3916e73aa05b83ba0fa8da9f3cffad22a1c29f5acf8980d8dd743a,bench/results/bench_matrix_20260427T200249Z/ci-airgap-smoke_synthetic-smoke_Q4_0/qemu_prompt_bench_20260427T200250Z.json,qemu_prompt,pass,2026-04-27T20:02:50Z,69473,ci-airgap-smoke,synthetic-smoke,Q4_0,68fc621f9f3916e73aa05b83ba0fa8da9f3cffad22a1c29f5acf8980d8dd743a,,4,2,160.0,,,67207168,pass,[],unknown,"[""qemu_prompt: missing command_sha256 metadata""]",pass,786eee1bfa27,ff0cb4429e89,False,pass,[],unchecked,[],b0184d191ade2f3b0d3caac2b900db4023204980e280399082d0f0cc7890d7ae,7637
ci-airgap-smoke/synthetic-smoke/Q4_0/68fc621f9f3916e73aa05b83ba0fa8da9f3cffad22a1c29f5acf8980d8dd743a,bench/results/bench_matrix_20260427T200249Z/ci-airgap-smoke_synthetic-smoke_Q4_0/qemu_prompt_bench_latest.json,qemu_prompt,pass,2026-04-27T20:02:50Z,69473,ci-airgap-smoke,synthetic-smoke,Q4_0,68fc621f9f3916e73aa05b83ba0fa8da9f3cffad22a1c29f5acf8980d8dd743a,,4,2,160.0,,,67207168,pass,[],unknown,"[""qemu_prompt: missing command_sha256 metadata""]",pass,786eee1bfa27,ff0cb4429e89,False,pass,[],unchecked,[],b0184d191ade2f3b0d3caac2b900db4023204980e280399082d0f0cc7890d7ae,7637
ci-airgap-smoke/synthetic-smoke/Q4_0/68fc621f9f3916e73aa05b83ba0fa8da9f3cffad22a1c29f5acf8980d8dd743a,bench/results/bench_matrix_20260427T230733Z/ci-airgap-smoke_synthetic-smoke_Q4_0/qemu_prompt_bench_20260427T230734Z.json,qemu_prompt,pass,2026-04-27T23:07:34Z,58389,ci-airgap-smoke,synthetic-smoke,Q4_0,68fc621f9f3916e73aa05b83ba0fa8da9f3cffad22a1c29f5acf8980d8dd743a,,4,2,160.0,,,67207168,pass,[],unknown,"[""qemu_prompt: missing command_sha256 metadata""]",pass,bf852f741851,ff0cb4429e89,False,pass,[],unchecked,[],4c0b912cbc5a9fa0e1b955680958a589bc7fd241f9d3fad5d000dee0ef8093ea,7935
ci-airgap-smoke/synthetic-smoke/Q4_0/68fc621f9f3916e73aa05b83ba0fa8da9f3cffad22a1c29f5acf8980d8dd743a,bench/results/bench_matrix_20260427T230733Z/ci-airgap-smoke_synthetic-smoke_Q4_0/qemu_prompt_bench_latest.json,qemu_prompt,pass,2026-04-27T23:07:34Z,58389,ci-airgap-smoke,synthetic-smoke,Q4_0,68fc621f9f3916e73aa05b83ba0fa8da9f3cffad22a1c29f5acf8980d8dd743a,,4,2,160.0,,,67207168,pass,[],unknown,"[""qemu_prompt: missing command_sha256 metadata""]",pass,bf852f741851,ff0cb4429e89,False,pass,[],unchecked,[],4c0b912cbc5a9fa0e1b955680958a589bc7fd241f9d3fad5d000dee0ef8093ea,7935
ci-airgap-smoke/synthetic-smoke/Q4_0/68fc621f9f3916e73aa05b83ba0fa8da9f3cffad22a1c29f5acf8980d8dd743a,bench/results/bench_matrix_20260427T234738Z/ci-airgap-smoke_synthetic-smoke_Q4_0/qemu_prompt_bench_20260427T234738Z.json,qemu_prompt,pass,2026-04-27T23:47:38Z,55985,ci-airgap-smoke,synthetic-smoke,Q4_0,68fc621f9f3916e73aa05b83ba0fa8da9f3cffad22a1c29f5acf8980d8dd743a,,4,2,160.0,,,67207168,pass,[],unknown,"[""qemu_prompt: missing command_sha256 metadata""]",pass,bb8266801970,ff0cb4429e89,False,pass,[],unchecked,[],bede6dd70b15c798c29bc9fd453ddb63278d2c4d95281fd10dabb17282fa797c,8761
ci-airgap-smoke/synthetic-smoke/Q4_0/68fc621f9f3916e73aa05b83ba0fa8da9f3cffad22a1c29f5acf8980d8dd743a,bench/results/bench_matrix_20260427T234738Z/ci-airgap-smoke_synthetic-smoke_Q4_0/qemu_prompt_bench_latest.json,qemu_prompt,pass,2026-04-27T23:47:38Z,55985,ci-airgap-smoke,synthetic-smoke,Q4_0,68fc621f9f3916e73aa05b83ba0fa8da9f3cffad22a1c29f5acf8980d8dd743a,,4,2,160.0,,,67207168,pass,[],unknown,"[""qemu_prompt: missing command_sha256 metadata""]",pass,bb8266801970,ff0cb4429e89,False,pass,[],unchecked,[],bede6dd70b15c798c29bc9fd453ddb63278d2c4d95281fd10dabb17282fa797c,8761
ci-airgap-smoke/synthetic-smoke/Q4_0/68fc621f9f3916e73aa05b83ba0fa8da9f3cffad22a1c29f5acf8980d8dd743a,bench/results/bench_matrix_20260428T000109Z/ci-airgap-smoke_synthetic-smoke_Q4_0/qemu_prompt_bench_20260428T000110Z.json,qemu_prompt,pass,2026-04-28T00:01:10Z,55173,ci-airgap-smoke,synthetic-smoke,Q4_0,68fc621f9f3916e73aa05b83ba0fa8da9f3cffad22a1c29f5acf8980d8dd743a,,4,2,160.0,,,67207168,pass,[],unknown,"[""qemu_prompt: missing command_sha256 metadata""]",pass,1588059f2388,ff0cb4429e89,False,pass,[],unchecked,[],283d6759e0362267a519ca4a7576164e48d3cf53e04b958733e321718911d0bf,9301
ci-airgap-smoke/synthetic-smoke/Q4_0/68fc621f9f3916e73aa05b83ba0fa8da9f3cffad22a1c29f5acf8980d8dd743a,bench/results/bench_matrix_20260428T000109Z/ci-airgap-smoke_synthetic-smoke_Q4_0/qemu_prompt_bench_latest.json,qemu_prompt,pass,2026-04-28T00:01:10Z,55173,ci-airgap-smoke,synthetic-smoke,Q4_0,68fc621f9f3916e73aa05b83ba0fa8da9f3cffad22a1c29f5acf8980d8dd743a,,4,2,160.0,,,67207168,pass,[],unknown,"[""qemu_prompt: missing command_sha256 metadata""]",pass,1588059f2388,ff0cb4429e89,False,pass,[],unchecked,[],283d6759e0362267a519ca4a7576164e48d3cf53e04b958733e321718911d0bf,9301
ci-airgap-smoke/synthetic-smoke/Q4_0/68fc621f9f3916e73aa05b83ba0fa8da9f3cffad22a1c29f5acf8980d8dd743a,bench/results/bench_matrix_20260428T023335Z/ci-airgap-smoke_synthetic-smoke_Q4_0/qemu_prompt_bench_20260428T023336Z.json,qemu_prompt,pass,2026-04-28T02:33:36Z,46027,ci-airgap-smoke,synthetic-smoke,Q4_0,68fc621f9f3916e73aa05b83ba0fa8da9f3cffad22a1c29f5acf8980d8dd743a,,4,2,160.0,,,67207168,pass,[],unknown,"[""qemu_prompt: missing command_sha256 metadata""]",pass,3b7e701e8a6b,ff0cb4429e89,False,pass,[],unchecked,[],a7eaf899046d4d567f20a08b3c4d0408a09cf7565cab7957ccbfba07b586522b,9843
ci-airgap-smoke/synthetic-smoke/Q4_0/68fc621f9f3916e73aa05b83ba0fa8da9f3cffad22a1c29f5acf8980d8dd743a,bench/results/bench_matrix_20260428T023335Z/ci-airgap-smoke_synthetic-smoke_Q4_0/qemu_prompt_bench_latest.json,qemu_prompt,pass,2026-04-28T02:33:36Z,46027,ci-airgap-smoke,synthetic-smoke,Q4_0,68fc621f9f3916e73aa05b83ba0fa8da9f3cffad22a1c29f5acf8980d8dd743a,,4,2,160.0,,,67207168,pass,[],unknown,"[""qemu_prompt: missing command_sha256 metadata""]",pass,3b7e701e8a6b,ff0cb4429e89,False,pass,[],unchecked,[],a7eaf899046d4d567f20a08b3c4d0408a09cf7565cab7957ccbfba07b586522b,9843
ci-airgap-smoke/synthetic-smoke/Q4_0/68fc621f9f3916e73aa05b83ba0fa8da9f3cffad22a1c29f5acf8980d8dd743a,bench/results/bench_matrix_20260428T035157Z/ci-airgap-smoke_synthetic-smoke_Q4_0/qemu_prompt_bench_20260428T035203Z.json,qemu_prompt,pass,2026-04-28T03:52:03Z,41320,ci-airgap-smoke,synthetic-smoke,Q4_0,68fc621f9f3916e73aa05b83ba0fa8da9f3cffad22a1c29f5acf8980d8dd743a,,4,2,160.0,,,67207168,pass,[],unknown,"[""qemu_prompt: missing command_sha256 metadata""]",pass,a0126ad2c367,ff0cb4429e89,False,pass,[],unchecked,[],2c9f85b7857004f141c0cd6536fd7f2126f476f8caafec1db6768cd906ed0a53,10777
ci-airgap-smoke/synthetic-smoke/Q4_0/68fc621f9f3916e73aa05b83ba0fa8da9f3cffad22a1c29f5acf8980d8dd743a,bench/results/bench_matrix_20260428T035157Z/ci-airgap-smoke_synthetic-smoke_Q4_0/qemu_prompt_bench_latest.json,qemu_prompt,pass,2026-04-28T03:52:03Z,41320,ci-airgap-smoke,synthetic-smoke,Q4_0,68fc621f9f3916e73aa05b83ba0fa8da9f3cffad22a1c29f5acf8980d8dd743a,,4,2,160.0,,,67207168,pass,[],unknown,"[""qemu_prompt: missing command_sha256 metadata""]",pass,a0126ad2c367,ff0cb4429e89,False,pass,[],unchecked,[],2c9f85b7857004f141c0cd6536fd7f2126f476f8caafec1db6768cd906ed0a53,10777
ci-airgap-smoke/synthetic-smoke/Q4_0/68fc621f9f3916e73aa05b83ba0fa8da9f3cffad22a1c29f5acf8980d8dd743a,bench/results/qemu_prompt_bench_20260428T035203Z.json,qemu_prompt,pass,2026-04-28T03:52:03Z,41320,ci-airgap-smoke,synthetic-smoke,Q4_0,68fc621f9f3916e73aa05b83ba0fa8da9f3cffad22a1c29f5acf8980d8dd743a,,4,2,160.0,,,67207168,pass,[],unknown,"[""qemu_prompt: missing command_sha256 metadata""]",pass,a0126ad2c367,ff0cb4429e89,False,pass,[],unchecked,[],2fe6094d6476fca924475578aa0547744f9f4351aba6249763d63a1f41e011f0,9881
ci-airgap-smoke/synthetic-smoke/Q4_0/68fc621f9f3916e73aa05b83ba0fa8da9f3cffad22a1c29f5acf8980d8dd743a,bench/results/qemu_prompt_bench_20260428T053208Z.json,qemu_prompt,pass,2026-04-28T05:32:08Z,35315,ci-airgap-smoke,synthetic-smoke,Q4_0,68fc621f9f3916e73aa05b83ba0fa8da9f3cffad22a1c29f5acf8980d8dd743a,,4,2,160.0,,,67207168,pass,[],unknown,"[""qemu_prompt: missing command_sha256 metadata""]",pass,a3d460c2276c,ff0cb4429e89,False,pass,[],unchecked,[],96d9c10d695f29bf949b4122b06ebb4e2b430c4cf002a684f3942e36a44caf3d,10958
ci-airgap-smoke/synthetic-smoke/Q4_0/68fc621f9f3916e73aa05b83ba0fa8da9f3cffad22a1c29f5acf8980d8dd743a,bench/results/bench_matrix_20260428T062013Z/ci-airgap-smoke_synthetic-smoke_Q4_0/qemu_prompt_bench_20260428T062014Z.json,qemu_prompt,pass,2026-04-28T06:20:14Z,32429,ci-airgap-smoke,synthetic-smoke,Q4_0,68fc621f9f3916e73aa05b83ba0fa8da9f3cffad22a1c29f5acf8980d8dd743a,b38e17f8fe6b79397ba9c4cb6dc68ad1d24ed501d479195500b1d8eaf615640d,4,2,160.0,,,67207168,pass,[],pass,[],pass,d1ee8f0158c3,ff0cb4429e89,False,pass,[],unchecked,[],871ac4bb5c0e4bebc4e0c607810385ab67a28d854c8bc484b27ad717b3bf033a,12508
ci-airgap-smoke/synthetic-smoke/Q4_0/68fc621f9f3916e73aa05b83ba0fa8da9f3cffad22a1c29f5acf8980d8dd743a,bench/results/bench_matrix_20260428T062013Z/ci-airgap-smoke_synthetic-smoke_Q4_0/qemu_prompt_bench_latest.json,qemu_prompt,pass,2026-04-28T06:20:14Z,32429,ci-airgap-smoke,synthetic-smoke,Q4_0,68fc621f9f3916e73aa05b83ba0fa8da9f3cffad22a1c29f5acf8980d8dd743a,b38e17f8fe6b79397ba9c4cb6dc68ad1d24ed501d479195500b1d8eaf615640d,4,2,160.0,,,67207168,pass,[],pass,[],pass,d1ee8f0158c3,ff0cb4429e89,False,pass,[],unchecked,[],871ac4bb5c0e4bebc4e0c607810385ab67a28d854c8bc484b27ad717b3bf033a,12508
ci-airgap-smoke/synthetic-smoke/Q4_0/68fc621f9f3916e73aa05b83ba0fa8da9f3cffad22a1c29f5acf8980d8dd743a,bench/results/qemu_prompt_bench_20260428T064752Z.json,qemu_prompt,pass,2026-04-28T06:47:52Z,30771,ci-airgap-smoke,synthetic-smoke,Q4_0,68fc621f9f3916e73aa05b83ba0fa8da9f3cffad22a1c29f5acf8980d8dd743a,b9be9bb048be4bf27f179ec73019754dd945d4c113f0a28a4ca266b00b458b85,4,2,160.0,,,67207168,pass,[],pass,[],pass,e4311d1fe5fa,ff0cb4429e89,False,pass,[],unchecked,[],4f32c0ac40c14bb1c241418a77dd35537b9a76b04b5afcdba1c81723bc6677a6,12182
ci-airgap-smoke/synthetic-smoke/Q4_0/68fc621f9f3916e73aa05b83ba0fa8da9f3cffad22a1c29f5acf8980d8dd743a,bench/results/bench_matrix_20260428T105611Z/ci-airgap-smoke_synthetic-smoke_Q4_0/qemu_prompt_bench_20260428T105613Z.json,qemu_prompt,pass,2026-04-28T10:56:13Z,15870,ci-airgap-smoke,synthetic-smoke,Q4_0,68fc621f9f3916e73aa05b83ba0fa8da9f3cffad22a1c29f5acf8980d8dd743a,b38e17f8fe6b79397ba9c4cb6dc68ad1d24ed501d479195500b1d8eaf615640d,4,2,160.0,,,67207168,pass,[],pass,[],pass,c8e896a45950,ff0cb4429e89,False,pass,[],unchecked,[],fd4f002489897fb548608ef6a6a0cbabcdec141102494642692b605fe272bb85,12739
ci-airgap-smoke/synthetic-smoke/Q4_0/68fc621f9f3916e73aa05b83ba0fa8da9f3cffad22a1c29f5acf8980d8dd743a,bench/results/bench_matrix_20260428T105611Z/ci-airgap-smoke_synthetic-smoke_Q4_0/qemu_prompt_bench_latest.json,qemu_prompt,pass,2026-04-28T10:56:13Z,15870,ci-airgap-smoke,synthetic-smoke,Q4_0,68fc621f9f3916e73aa05b83ba0fa8da9f3cffad22a1c29f5acf8980d8dd743a,b38e17f8fe6b79397ba9c4cb6dc68ad1d24ed501d479195500b1d8eaf615640d,4,2,160.0,,,67207168,pass,[],pass,[],pass,c8e896a45950,ff0cb4429e89,False,pass,[],unchecked,[],fd4f002489897fb548608ef6a6a0cbabcdec141102494642692b605fe272bb85,12739
ci-airgap-smoke/synthetic-smoke/Q4_0/68fc621f9f3916e73aa05b83ba0fa8da9f3cffad22a1c29f5acf8980d8dd743a,bench/results/bench_matrix_20260428T132709Z/ci-airgap-smoke_synthetic-smoke_Q4_0/qemu_prompt_bench_20260428T132718Z.json,qemu_prompt,pass,2026-04-28T13:27:18Z,6805,ci-airgap-smoke,synthetic-smoke,Q4_0,68fc621f9f3916e73aa05b83ba0fa8da9f3cffad22a1c29f5acf8980d8dd743a,b38e17f8fe6b79397ba9c4cb6dc68ad1d24ed501d479195500b1d8eaf615640d,4,2,160.0,,,67207168,pass,[],pass,[],pass,6a8bc0e18988,ff0cb4429e89,False,pass,[],unchecked,[],9f1a1a361b17ba20f56fcd8705ac563930fc6ccbdfc7ba059b145758992da3a1,14141
ci-airgap-smoke/synthetic-smoke/Q4_0/68fc621f9f3916e73aa05b83ba0fa8da9f3cffad22a1c29f5acf8980d8dd743a,bench/results/bench_matrix_20260428T132709Z/ci-airgap-smoke_synthetic-smoke_Q4_0/qemu_prompt_bench_latest.json,qemu_prompt,pass,2026-04-28T13:27:18Z,6805,ci-airgap-smoke,synthetic-smoke,Q4_0,68fc621f9f3916e73aa05b83ba0fa8da9f3cffad22a1c29f5acf8980d8dd743a,b38e17f8fe6b79397ba9c4cb6dc68ad1d24ed501d479195500b1d8eaf615640d,4,2,160.0,,,67207168,pass,[],pass,[],pass,6a8bc0e18988,ff0cb4429e89,False,pass,[],unchecked,[],9f1a1a361b17ba20f56fcd8705ac563930fc6ccbdfc7ba059b145758992da3a1,14141
ci-airgap-smoke/synthetic-smoke/Q4_0/68fc621f9f3916e73aa05b83ba0fa8da9f3cffad22a1c29f5acf8980d8dd743a,bench/results/bench_matrix_20260428T133552Z/ci-airgap-smoke_synthetic-smoke_Q4_0/qemu_prompt_bench_20260428T133553Z.json,qemu_prompt,pass,2026-04-28T13:35:53Z,6290,ci-airgap-smoke,synthetic-smoke,Q4_0,68fc621f9f3916e73aa05b83ba0fa8da9f3cffad22a1c29f5acf8980d8dd743a,b38e17f8fe6b79397ba9c4cb6dc68ad1d24ed501d479195500b1d8eaf615640d,4,2,160.0,,,67207168,pass,[],pass,[],pass,f884c29d4b92,ff0cb4429e89,False,pass,[],unchecked,[],2248fbb5889644c9df47072ab79b1ed2d043a76d546f619967cdcc4804cdca61,14106
ci-airgap-smoke/synthetic-smoke/Q4_0/68fc621f9f3916e73aa05b83ba0fa8da9f3cffad22a1c29f5acf8980d8dd743a,bench/results/bench_matrix_20260428T133552Z/ci-airgap-smoke_synthetic-smoke_Q4_0/qemu_prompt_bench_latest.json,qemu_prompt,pass,2026-04-28T13:35:53Z,6290,ci-airgap-smoke,synthetic-smoke,Q4_0,68fc621f9f3916e73aa05b83ba0fa8da9f3cffad22a1c29f5acf8980d8dd743a,b38e17f8fe6b79397ba9c4cb6dc68ad1d24ed501d479195500b1d8eaf615640d,4,2,160.0,,,67207168,pass,[],pass,[],pass,f884c29d4b92,ff0cb4429e89,False,pass,[],unchecked,[],2248fbb5889644c9df47072ab79b1ed2d043a76d546f619967cdcc4804cdca61,14106
ci-airgap-smoke/synthetic-smoke/Q4_0/68fc621f9f3916e73aa05b83ba0fa8da9f3cffad22a1c29f5acf8980d8dd743a,bench/results/bench_matrix_20260428T143936Z/ci-airgap-smoke_synthetic-smoke_Q4_0/qemu_prompt_bench_20260428T143938Z.json,qemu_prompt,pass,2026-04-28T14:39:38Z,2465,ci-airgap-smoke,synthetic-smoke,Q4_0,68fc621f9f3916e73aa05b83ba0fa8da9f3cffad22a1c29f5acf8980d8dd743a,b38e17f8fe6b79397ba9c4cb6dc68ad1d24ed501d479195500b1d8eaf615640d,4,2,160.0,675.4448821173012,15663104,67207168,pass,[],pass,[],pass,9bcc18706a99,ff0cb4429e89,False,pass,[],unchecked,[],d6ddf49db6560b3b57aa283170b01aba16eb167a4b92d2e32b51acd353e1b3f3,15126
ci-airgap-smoke/synthetic-smoke/Q4_0/68fc621f9f3916e73aa05b83ba0fa8da9f3cffad22a1c29f5acf8980d8dd743a,bench/results/bench_matrix_20260428T143936Z/ci-airgap-smoke_synthetic-smoke_Q4_0/qemu_prompt_bench_latest.json,qemu_prompt,pass,2026-04-28T14:39:38Z,2465,ci-airgap-smoke,synthetic-smoke,Q4_0,68fc621f9f3916e73aa05b83ba0fa8da9f3cffad22a1c29f5acf8980d8dd743a,b38e17f8fe6b79397ba9c4cb6dc68ad1d24ed501d479195500b1d8eaf615640d,4,2,160.0,675.4448821173012,15663104,67207168,pass,[],pass,[],pass,9bcc18706a99,ff0cb4429e89,False,pass,[],unchecked,[],d6ddf49db6560b3b57aa283170b01aba16eb167a4b92d2e32b51acd353e1b3f3,15126
ci-airgap-smoke/synthetic-smoke/Q4_0/68fc621f9f3916e73aa05b83ba0fa8da9f3cffad22a1c29f5acf8980d8dd743a,bench/results/bench_matrix_20260428T144908Z/ci-airgap-smoke_synthetic-smoke_Q4_0/qemu_prompt_bench_20260428T144909Z.json,qemu_prompt,pass,2026-04-28T14:49:09Z,1894,ci-airgap-smoke,synthetic-smoke,Q4_0,68fc621f9f3916e73aa05b83ba0fa8da9f3cffad22a1c29f5acf8980d8dd743a,b38e17f8fe6b79397ba9c4cb6dc68ad1d24ed501d479195500b1d8eaf615640d,4,2,160.0,844.1706348973364,589824,67207168,pass,[],pass,[],pass,fd1f1247258a,ff0cb4429e89,False,pass,[],unchecked,[],ad7cb58485926e7fd80b33c7b78ef107a7c4057c068819eef3bd1530332bab14,15137
ci-airgap-smoke/synthetic-smoke/Q4_0/68fc621f9f3916e73aa05b83ba0fa8da9f3cffad22a1c29f5acf8980d8dd743a,bench/results/bench_matrix_20260428T144908Z/ci-airgap-smoke_synthetic-smoke_Q4_0/qemu_prompt_bench_latest.json,qemu_prompt,pass,2026-04-28T14:49:09Z,1894,ci-airgap-smoke,synthetic-smoke,Q4_0,68fc621f9f3916e73aa05b83ba0fa8da9f3cffad22a1c29f5acf8980d8dd743a,b38e17f8fe6b79397ba9c4cb6dc68ad1d24ed501d479195500b1d8eaf615640d,4,2,160.0,844.1706348973364,589824,67207168,pass,[],pass,[],pass,fd1f1247258a,ff0cb4429e89,False,pass,[],unchecked,[],ad7cb58485926e7fd80b33c7b78ef107a7c4057c068819eef3bd1530332bab14,15137
ci-airgap-smoke/synthetic-smoke/Q4_0/68fc621f9f3916e73aa05b83ba0fa8da9f3cffad22a1c29f5acf8980d8dd743a,bench/results/bench_matrix_20260428T150609Z/ci-airgap-smoke_synthetic-smoke_Q4_0/qemu_prompt_bench_20260428T150611Z.json,qemu_prompt,pass,2026-04-28T15:06:11Z,872,ci-airgap-smoke,synthetic-smoke,Q4_0,68fc621f9f3916e73aa05b83ba0fa8da9f3cffad22a1c29f5acf8980d8dd743a,b38e17f8fe6b79397ba9c4cb6dc68ad1d24ed501d479195500b1d8eaf615640d,4,2,160.0,846.6676775094446,622592,67207168,pass,[],pass,[],pass,ff0cb4429e89,ff0cb4429e89,True,pass,[],unchecked,[],f0c5d8689c476eade14f9bd5fb807c4769ecad817b040ee4f840df468b76206d,15142
ci-airgap-smoke/synthetic-smoke/Q4_0/68fc621f9f3916e73aa05b83ba0fa8da9f3cffad22a1c29f5acf8980d8dd743a,bench/results/bench_matrix_20260428T150609Z/ci-airgap-smoke_synthetic-smoke_Q4_0/qemu_prompt_bench_latest.json,qemu_prompt,pass,2026-04-28T15:06:11Z,872,ci-airgap-smoke,synthetic-smoke,Q4_0,68fc621f9f3916e73aa05b83ba0fa8da9f3cffad22a1c29f5acf8980d8dd743a,b38e17f8fe6b79397ba9c4cb6dc68ad1d24ed501d479195500b1d8eaf615640d,4,2,160.0,846.6676775094446,622592,67207168,pass,[],pass,[],pass,ff0cb4429e89,ff0cb4429e89,True,pass,[],unchecked,[],f0c5d8689c476eade14f9bd5fb807c4769ecad817b040ee4f840df468b76206d,15142
ci-airgap-smoke/synthetic-smoke/Q4_0/68fc621f9f3916e73aa05b83ba0fa8da9f3cffad22a1c29f5acf8980d8dd743a,bench/results/bench_matrix_20260428T152031Z/ci-airgap-smoke_synthetic-smoke_Q4_0/qemu_prompt_bench_20260428T152031Z.json,qemu_prompt,pass,2026-04-28T15:20:31Z,12,ci-airgap-smoke,synthetic-smoke,Q4_0,68fc621f9f3916e73aa05b83ba0fa8da9f3cffad22a1c29f5acf8980d8dd743a,b38e17f8fe6b79397ba9c4cb6dc68ad1d24ed501d479195500b1d8eaf615640d,4,2,160.0,825.7722585911868,573440,67207168,pass,[],pass,[],pass,ff0cb4429e89,ff0cb4429e89,True,pass,[],unchecked,[],5f24b77eabf549516265ee68466ebbb7b47213621a3444580ae4236bd7068cca,15101
ci-airgap-smoke/synthetic-smoke/Q4_0/68fc621f9f3916e73aa05b83ba0fa8da9f3cffad22a1c29f5acf8980d8dd743a,bench/results/bench_matrix_20260428T152031Z/ci-airgap-smoke_synthetic-smoke_Q4_0/qemu_prompt_bench_latest.json,qemu_prompt,pass,2026-04-28T15:20:31Z,12,ci-airgap-smoke,synthetic-smoke,Q4_0,68fc621f9f3916e73aa05b83ba0fa8da9f3cffad22a1c29f5acf8980d8dd743a,b38e17f8fe6b79397ba9c4cb6dc68ad1d24ed501d479195500b1d8eaf615640d,4,2,160.0,825.7722585911868,573440,67207168,pass,[],pass,[],pass,ff0cb4429e89,ff0cb4429e89,True,pass,[],unchecked,[],5f24b77eabf549516265ee68466ebbb7b47213621a3444580ae4236bd7068cca,15101
ci-airgap-smoke/synthetic-smoke/Q4_0/68fc621f9f3916e73aa05b83ba0fa8da9f3cffad22a1c29f5acf8980d8dd743a,bench/results/bench_matrix_latest.json,bench_matrix_cell,pass,2026-04-28T15:20:32Z,11,ci-airgap-smoke,synthetic-smoke,Q4_0,68fc621f9f3916e73aa05b83ba0fa8da9f3cffad22a1c29f5acf8980d8dd743a,b38e17f8fe6b79397ba9c4cb6dc68ad1d24ed501d479195500b1d8eaf615640d,4,2,160.0,825.7722585911868,573440,67207168,pass,[],pass,[],pass,ff0cb4429e89,ff0cb4429e89,True,pass,[],unchecked,[],77a9014ba0878009de0cec5860ab5556e28de490d23d2905c7687a52f2f372e9,3690
ci-airgap-smoke/synthetic-smoke/Q4_0/no-suite,bench/results/bench_matrix_20260427T182910Z/ci-airgap-smoke_synthetic-smoke_Q4_0/qemu_prompt_bench_20260427T182911Z.json,qemu_prompt,pass,2026-04-27T18:29:11Z,75092,ci-airgap-smoke,synthetic-smoke,Q4_0,,,4,2,160.0,,,67207168,pass,[],unknown,"[""qemu_prompt: missing command_sha256 metadata""]",pass,21ad93152049,ff0cb4429e89,False,pass,[],unchecked,[],f03e0a4784e2b1ac18934cd66392573425b9a42378ee334584bf89de847dfcc0,7081
ci-airgap-smoke/synthetic-smoke/Q4_0/no-suite,bench/results/bench_matrix_20260427T182910Z/ci-airgap-smoke_synthetic-smoke_Q4_0/qemu_prompt_bench_latest.json,qemu_prompt,pass,2026-04-27T18:29:11Z,75092,ci-airgap-smoke,synthetic-smoke,Q4_0,,,4,2,160.0,,,67207168,pass,[],unknown,"[""qemu_prompt: missing command_sha256 metadata""]",pass,21ad93152049,ff0cb4429e89,False,pass,[],unchecked,[],f03e0a4784e2b1ac18934cd66392573425b9a42378ee334584bf89de847dfcc0,7081
ci-airgap-smoke/synthetic-smoke/Q4_0/no-suite,bench/results/bench_matrix_20260427T183959Z/ci-airgap-smoke_synthetic-smoke_Q4_0/qemu_prompt_bench_20260427T184001Z.json,qemu_prompt,pass,2026-04-27T18:40:01Z,74442,ci-airgap-smoke,synthetic-smoke,Q4_0,,,4,2,160.0,,,67207168,pass,[],unknown,"[""qemu_prompt: missing command_sha256 metadata""]",pass,5bf1fd7158fd,ff0cb4429e89,False,pass,[],unchecked,[],5e580cae597218ed4c77404ea007ff632cb934f6e05707e7b4b4059e963ae3c1,7084
ci-airgap-smoke/synthetic-smoke/Q4_0/no-suite,bench/results/bench_matrix_20260427T183959Z/ci-airgap-smoke_synthetic-smoke_Q4_0/qemu_prompt_bench_latest.json,qemu_prompt,pass,2026-04-27T18:40:01Z,74442,ci-airgap-smoke,synthetic-smoke,Q4_0,,,4,2,160.0,,,67207168,pass,[],unknown,"[""qemu_prompt: missing command_sha256 metadata""]",pass,5bf1fd7158fd,ff0cb4429e89,False,pass,[],unchecked,[],5e580cae597218ed4c77404ea007ff632cb934f6e05707e7b4b4059e963ae3c1,7084
ci-airgap-smoke/synthetic-smoke/Q8_0/68fc621f9f3916e73aa05b83ba0fa8da9f3cffad22a1c29f5acf8980d8dd743a,bench/results/bench_matrix_20260427T200249Z/ci-airgap-smoke_synthetic-smoke_Q8_0/qemu_prompt_bench_20260427T200250Z.json,qemu_prompt,pass,2026-04-27T20:02:50Z,69473,ci-airgap-smoke,synthetic-smoke,Q8_0,68fc621f9f3916e73aa05b83ba0fa8da9f3cffad22a1c29f5acf8980d8dd743a,,4,2,160.0,,,67207168,pass,[],unknown,"[""qemu_prompt: missing command_sha256 metadata""]",pass,786eee1bfa27,ff0cb4429e89,False,pass,[],unchecked,[],e8546ee5292356be14a0693bb8785f4013ffcbe613c5a207b832842e2501a1b6,7636
ci-airgap-smoke/synthetic-smoke/Q8_0/68fc621f9f3916e73aa05b83ba0fa8da9f3cffad22a1c29f5acf8980d8dd743a,bench/results/bench_matrix_20260427T200249Z/ci-airgap-smoke_synthetic-smoke_Q8_0/qemu_prompt_bench_latest.json,qemu_prompt,pass,2026-04-27T20:02:50Z,69473,ci-airgap-smoke,synthetic-smoke,Q8_0,68fc621f9f3916e73aa05b83ba0fa8da9f3cffad22a1c29f5acf8980d8dd743a,,4,2,160.0,,,67207168,pass,[],unknown,"[""qemu_prompt: missing command_sha256 metadata""]",pass,786eee1bfa27,ff0cb4429e89,False,pass,[],unchecked,[],e8546ee5292356be14a0693bb8785f4013ffcbe613c5a207b832842e2501a1b6,7636
ci-airgap-smoke/synthetic-smoke/Q8_0/68fc621f9f3916e73aa05b83ba0fa8da9f3cffad22a1c29f5acf8980d8dd743a,bench/results/bench_matrix_20260427T230733Z/ci-airgap-smoke_synthetic-smoke_Q8_0/qemu_prompt_bench_20260427T230734Z.json,qemu_prompt,pass,2026-04-27T23:07:34Z,58389,ci-airgap-smoke,synthetic-smoke,Q8_0,68fc621f9f3916e73aa05b83ba0fa8da9f3cffad22a1c29f5acf8980d8dd743a,,4,2,160.0,,,67207168,pass,[],unknown,"[""qemu_prompt: missing command_sha256 metadata""]",pass,bf852f741851,ff0cb4429e89,False,pass,[],unchecked,[],2ad12ced1a3e7c9849466b0aba1c9ba954bb2257295b3c9907efb5e31af3c9d9,7936
ci-airgap-smoke/synthetic-smoke/Q8_0/68fc621f9f3916e73aa05b83ba0fa8da9f3cffad22a1c29f5acf8980d8dd743a,bench/results/bench_matrix_20260427T230733Z/ci-airgap-smoke_synthetic-smoke_Q8_0/qemu_prompt_bench_latest.json,qemu_prompt,pass,2026-04-27T23:07:34Z,58389,ci-airgap-smoke,synthetic-smoke,Q8_0,68fc621f9f3916e73aa05b83ba0fa8da9f3cffad22a1c29f5acf8980d8dd743a,,4,2,160.0,,,67207168,pass,[],unknown,"[""qemu_prompt: missing command_sha256 metadata""]",pass,bf852f741851,ff0cb4429e89,False,pass,[],unchecked,[],2ad12ced1a3e7c9849466b0aba1c9ba954bb2257295b3c9907efb5e31af3c9d9,7936
ci-airgap-smoke/synthetic-smoke/Q8_0/68fc621f9f3916e73aa05b83ba0fa8da9f3cffad22a1c29f5acf8980d8dd743a,bench/results/bench_matrix_20260427T234738Z/ci-airgap-smoke_synthetic-smoke_Q8_0/qemu_prompt_bench_20260427T234738Z.json,qemu_prompt,pass,2026-04-27T23:47:38Z,55985,ci-airgap-smoke,synthetic-smoke,Q8_0,68fc621f9f3916e73aa05b83ba0fa8da9f3cffad22a1c29f5acf8980d8dd743a,,4,2,160.0,,,67207168,pass,[],unknown,"[""qemu_prompt: missing command_sha256 metadata""]",pass,bb8266801970,ff0cb4429e89,False,pass,[],unchecked,[],963042e43a3e6fd24e1396dfaa2b88406e323d5afdcd746b8183c7f442c125df,8762
ci-airgap-smoke/synthetic-smoke/Q8_0/68fc621f9f3916e73aa05b83ba0fa8da9f3cffad22a1c29f5acf8980d8dd743a,bench/results/bench_matrix_20260427T234738Z/ci-airgap-smoke_synthetic-smoke_Q8_0/qemu_prompt_bench_latest.json,qemu_prompt,pass,2026-04-27T23:47:38Z,55985,ci-airgap-smoke,synthetic-smoke,Q8_0,68fc621f9f3916e73aa05b83ba0fa8da9f3cffad22a1c29f5acf8980d8dd743a,,4,2,160.0,,,67207168,pass,[],unknown,"[""qemu_prompt: missing command_sha256 metadata""]",pass,bb8266801970,ff0cb4429e89,False,pass,[],unchecked,[],963042e43a3e6fd24e1396dfaa2b88406e323d5afdcd746b8183c7f442c125df,8762
ci-airgap-smoke/synthetic-smoke/Q8_0/68fc621f9f3916e73aa05b83ba0fa8da9f3cffad22a1c29f5acf8980d8dd743a,bench/results/bench_matrix_20260428T000109Z/ci-airgap-smoke_synthetic-smoke_Q8_0/qemu_prompt_bench_20260428T000111Z.json,qemu_prompt,pass,2026-04-28T00:01:11Z,55172,ci-airgap-smoke,synthetic-smoke,Q8_0,68fc621f9f3916e73aa05b83ba0fa8da9f3cffad22a1c29f5acf8980d8dd743a,,4,2,160.0,,,67207168,pass,[],unknown,"[""qemu_prompt: missing command_sha256 metadata""]",pass,1588059f2388,ff0cb4429e89,False,pass,[],unchecked,[],5c217161fa9dbeb8cecec3e4e632602787f440f2173e83a5c9d27e6d8469df8a,9300
ci-airgap-smoke/synthetic-smoke/Q8_0/68fc621f9f3916e73aa05b83ba0fa8da9f3cffad22a1c29f5acf8980d8dd743a,bench/results/bench_matrix_20260428T000109Z/ci-airgap-smoke_synthetic-smoke_Q8_0/qemu_prompt_bench_latest.json,qemu_prompt,pass,2026-04-28T00:01:11Z,55172,ci-airgap-smoke,synthetic-smoke,Q8_0,68fc621f9f3916e73aa05b83ba0fa8da9f3cffad22a1c29f5acf8980d8dd743a,,4,2,160.0,,,67207168,pass,[],unknown,"[""qemu_prompt: missing command_sha256 metadata""]",pass,1588059f2388,ff0cb4429e89,False,pass,[],unchecked,[],5c217161fa9dbeb8cecec3e4e632602787f440f2173e83a5c9d27e6d8469df8a,9300
ci-airgap-smoke/synthetic-smoke/Q8_0/68fc621f9f3916e73aa05b83ba0fa8da9f3cffad22a1c29f5acf8980d8dd743a,bench/results/bench_matrix_20260428T023335Z/ci-airgap-smoke_synthetic-smoke_Q8_0/qemu_prompt_bench_20260428T023337Z.json,qemu_prompt,pass,2026-04-28T02:33:37Z,46026,ci-airgap-smoke,synthetic-smoke,Q8_0,68fc621f9f3916e73aa05b83ba0fa8da9f3cffad22a1c29f5acf8980d8dd743a,,4,2,160.0,,,67207168,pass,[],unknown,"[""qemu_prompt: missing command_sha256 metadata""]",pass,3b7e701e8a6b,ff0cb4429e89,False,pass,[],unchecked,[],66374128777f9956b12d7f76839e31e009b9edd03ffabc255fc4a03bc757dfc7,9848
ci-airgap-smoke/synthetic-smoke/Q8_0/68fc621f9f3916e73aa05b83ba0fa8da9f3cffad22a1c29f5acf8980d8dd743a,bench/results/bench_matrix_20260428T023335Z/ci-airgap-smoke_synthetic-smoke_Q8_0/qemu_prompt_bench_latest.json,qemu_prompt,pass,2026-04-28T02:33:37Z,46026,ci-airgap-smoke,synthetic-smoke,Q8_0,68fc621f9f3916e73aa05b83ba0fa8da9f3cffad22a1c29f5acf8980d8dd743a,,4,2,160.0,,,67207168,pass,[],unknown,"[""qemu_prompt: missing command_sha256 metadata""]",pass,3b7e701e8a6b,ff0cb4429e89,False,pass,[],unchecked,[],66374128777f9956b12d7f76839e31e009b9edd03ffabc255fc4a03bc757dfc7,9848
ci-airgap-smoke/synthetic-smoke/Q8_0/68fc621f9f3916e73aa05b83ba0fa8da9f3cffad22a1c29f5acf8980d8dd743a,bench/results/bench_matrix_20260428T035157Z/ci-airgap-smoke_synthetic-smoke_Q8_0/qemu_prompt_bench_20260428T035204Z.json,qemu_prompt,pass,2026-04-28T03:52:04Z,41319,ci-airgap-smoke,synthetic-smoke,Q8_0,68fc621f9f3916e73aa05b83ba0fa8da9f3cffad22a1c29f5acf8980d8dd743a,,4,2,160.0,,,67207168,pass,[],unknown,"[""qemu_prompt: missing command_sha256 metadata""]",pass,a0126ad2c367,ff0cb4429e89,False,pass,[],unchecked,[],d3e30ba7acdc3c6dccf331d4882cce8e6ecbc87eedf297612aa639fb3593274e,10784
ci-airgap-smoke/synthetic-smoke/Q8_0/68fc621f9f3916e73aa05b83ba0fa8da9f3cffad22a1c29f5acf8980d8dd743a,bench/results/bench_matrix_20260428T035157Z/ci-airgap-smoke_synthetic-smoke_Q8_0/qemu_prompt_bench_latest.json,qemu_prompt,pass,2026-04-28T03:52:04Z,41319,ci-airgap-smoke,synthetic-smoke,Q8_0,68fc621f9f3916e73aa05b83ba0fa8da9f3cffad22a1c29f5acf8980d8dd743a,,4,2,160.0,,,67207168,pass,[],unknown,"[""qemu_prompt: missing command_sha256 metadata""]",pass,a0126ad2c367,ff0cb4429e89,False,pass,[],unchecked,[],d3e30ba7acdc3c6dccf331d4882cce8e6ecbc87eedf297612aa639fb3593274e,10784
ci-airgap-smoke/synthetic-smoke/Q8_0/68fc621f9f3916e73aa05b83ba0fa8da9f3cffad22a1c29f5acf8980d8dd743a,bench/results/bench_matrix_20260428T062013Z/ci-airgap-smoke_synthetic-smoke_Q8_0/qemu_prompt_bench_20260428T062015Z.json,qemu_prompt,pass,2026-04-28T06:20:15Z,32428,ci-airgap-smoke,synthetic-smoke,Q8_0,68fc621f9f3916e73aa05b83ba0fa8da9f3cffad22a1c29f5acf8980d8dd743a,b38e17f8fe6b79397ba9c4cb6dc68ad1d24ed501d479195500b1d8eaf615640d,4,2,160.0,,,67207168,pass,[],pass,[],pass,d1ee8f0158c3,ff0cb4429e89,False,pass,[],unchecked,[],8b327b4c253f9d4d29fa123865692e429338f13df190bcf0c5ee63bc850e8380,12528
ci-airgap-smoke/synthetic-smoke/Q8_0/68fc621f9f3916e73aa05b83ba0fa8da9f3cffad22a1c29f5acf8980d8dd743a,bench/results/bench_matrix_20260428T062013Z/ci-airgap-smoke_synthetic-smoke_Q8_0/qemu_prompt_bench_latest.json,qemu_prompt,pass,2026-04-28T06:20:15Z,32428,ci-airgap-smoke,synthetic-smoke,Q8_0,68fc621f9f3916e73aa05b83ba0fa8da9f3cffad22a1c29f5acf8980d8dd743a,b38e17f8fe6b79397ba9c4cb6dc68ad1d24ed501d479195500b1d8eaf615640d,4,2,160.0,,,67207168,pass,[],pass,[],pass,d1ee8f0158c3,ff0cb4429e89,False,pass,[],unchecked,[],8b327b4c253f9d4d29fa123865692e429338f13df190bcf0c5ee63bc850e8380,12528
ci-airgap-smoke/synthetic-smoke/Q8_0/68fc621f9f3916e73aa05b83ba0fa8da9f3cffad22a1c29f5acf8980d8dd743a,bench/results/bench_matrix_20260428T105611Z/ci-airgap-smoke_synthetic-smoke_Q8_0/qemu_prompt_bench_20260428T105614Z.json,qemu_prompt,pass,2026-04-28T10:56:14Z,15869,ci-airgap-smoke,synthetic-smoke,Q8_0,68fc621f9f3916e73aa05b83ba0fa8da9f3cffad22a1c29f5acf8980d8dd743a,b38e17f8fe6b79397ba9c4cb6dc68ad1d24ed501d479195500b1d8eaf615640d,4,2,160.0,,,67207168,pass,[],pass,[],pass,c8e896a45950,ff0cb4429e89,False,pass,[],unchecked,[],23a957087093ce9295b4d21530889371acdcc07397a22956bd8f432488345998,12737
ci-airgap-smoke/synthetic-smoke/Q8_0/68fc621f9f3916e73aa05b83ba0fa8da9f3cffad22a1c29f5acf8980d8dd743a,bench/results/bench_matrix_20260428T105611Z/ci-airgap-smoke_synthetic-smoke_Q8_0/qemu_prompt_bench_latest.json,qemu_prompt,pass,2026-04-28T10:56:14Z,15869,ci-airgap-smoke,synthetic-smoke,Q8_0,68fc621f9f3916e73aa05b83ba0fa8da9f3cffad22a1c29f5acf8980d8dd743a,b38e17f8fe6b79397ba9c4cb6dc68ad1d24ed501d479195500b1d8eaf615640d,4,2,160.0,,,67207168,pass,[],pass,[],pass,c8e896a45950,ff0cb4429e89,False,pass,[],unchecked,[],23a957087093ce9295b4d21530889371acdcc07397a22956bd8f432488345998,12737
ci-airgap-smoke/synthetic-smoke/Q8_0/68fc621f9f3916e73aa05b83ba0fa8da9f3cffad22a1c29f5acf8980d8dd743a,bench/results/bench_matrix_20260428T132709Z/ci-airgap-smoke_synthetic-smoke_Q8_0/qemu_prompt_bench_20260428T132724Z.json,qemu_prompt,pass,2026-04-28T13:27:24Z,6799,ci-airgap-smoke,synthetic-smoke,Q8_0,68fc621f9f3916e73aa05b83ba0fa8da9f3cffad22a1c29f5acf8980d8dd743a,b38e17f8fe6b79397ba9c4cb6dc68ad1d24ed501d479195500b1d8eaf615640d,4,2,160.0,,,67207168,pass,[],pass,[],pass,6a8bc0e18988,ff0cb4429e89,False,pass,[],unchecked,[],60f984d122d4e426d0acc192b2b489a5030f34822e613b0d0af70d89de7becab,14075
ci-airgap-smoke/synthetic-smoke/Q8_0/68fc621f9f3916e73aa05b83ba0fa8da9f3cffad22a1c29f5acf8980d8dd743a,bench/results/bench_matrix_20260428T132709Z/ci-airgap-smoke_synthetic-smoke_Q8_0/qemu_prompt_bench_latest.json,qemu_prompt,pass,2026-04-28T13:27:24Z,6799,ci-airgap-smoke,synthetic-smoke,Q8_0,68fc621f9f3916e73aa05b83ba0fa8da9f3cffad22a1c29f5acf8980d8dd743a,b38e17f8fe6b79397ba9c4cb6dc68ad1d24ed501d479195500b1d8eaf615640d,4,2,160.0,,,67207168,pass,[],pass,[],pass,6a8bc0e18988,ff0cb4429e89,False,pass,[],unchecked,[],60f984d122d4e426d0acc192b2b489a5030f34822e613b0d0af70d89de7becab,14075
ci-airgap-smoke/synthetic-smoke/Q8_0/68fc621f9f3916e73aa05b83ba0fa8da9f3cffad22a1c29f5acf8980d8dd743a,bench/results/bench_matrix_20260428T133552Z/ci-airgap-smoke_synthetic-smoke_Q8_0/qemu_prompt_bench_20260428T133554Z.json,qemu_prompt,pass,2026-04-28T13:35:54Z,6289,ci-airgap-smoke,synthetic-smoke,Q8_0,68fc621f9f3916e73aa05b83ba0fa8da9f3cffad22a1c29f5acf8980d8dd743a,b38e17f8fe6b79397ba9c4cb6dc68ad1d24ed501d479195500b1d8eaf615640d,4,2,160.0,,,67207168,pass,[],pass,[],pass,f884c29d4b92,ff0cb4429e89,False,pass,[],unchecked,[],bbe313a4d1a936b7db6102bba5f391e1a2abd569e49981d13e686c9be0a658eb,14100
ci-airgap-smoke/synthetic-smoke/Q8_0/68fc621f9f3916e73aa05b83ba0fa8da9f3cffad22a1c29f5acf8980d8dd743a,bench/results/bench_matrix_20260428T133552Z/ci-airgap-smoke_synthetic-smoke_Q8_0/qemu_prompt_bench_latest.json,qemu_prompt,pass,2026-04-28T13:35:54Z,6289,ci-airgap-smoke,synthetic-smoke,Q8_0,68fc621f9f3916e73aa05b83ba0fa8da9f3cffad22a1c29f5acf8980d8dd743a,b38e17f8fe6b79397ba9c4cb6dc68ad1d24ed501d479195500b1d8eaf615640d,4,2,160.0,,,67207168,pass,[],pass,[],pass,f884c29d4b92,ff0cb4429e89,False,pass,[],unchecked,[],bbe313a4d1a936b7db6102bba5f391e1a2abd569e49981d13e686c9be0a658eb,14100
ci-airgap-smoke/synthetic-smoke/Q8_0/68fc621f9f3916e73aa05b83ba0fa8da9f3cffad22a1c29f5acf8980d8dd743a,bench/results/bench_matrix_20260428T143936Z/ci-airgap-smoke_synthetic-smoke_Q8_0/qemu_prompt_bench_20260428T143940Z.json,qemu_prompt,pass,2026-04-28T14:39:40Z,2463,ci-airgap-smoke,synthetic-smoke,Q8_0,68fc621f9f3916e73aa05b83ba0fa8da9f3cffad22a1c29f5acf8980d8dd743a,b38e17f8fe6b79397ba9c4cb6dc68ad1d24ed501d479195500b1d8eaf615640d,4,2,160.0,807.1820133088108,14090240,67207168,pass,[],pass,[],pass,9bcc18706a99,ff0cb4429e89,False,pass,[],unchecked,[],2891cd69acf9954eaad74e2521fd9eff610a187ab507976dc2dcab6784afccf1,15120
ci-airgap-smoke/synthetic-smoke/Q8_0/68fc621f9f3916e73aa05b83ba0fa8da9f3cffad22a1c29f5acf8980d8dd743a,bench/results/bench_matrix_20260428T143936Z/ci-airgap-smoke_synthetic-smoke_Q8_0/qemu_prompt_bench_latest.json,qemu_prompt,pass,2026-04-28T14:39:40Z,2463,ci-airgap-smoke,synthetic-smoke,Q8_0,68fc621f9f3916e73aa05b83ba0fa8da9f3cffad22a1c29f5acf8980d8dd743a,b38e17f8fe6b79397ba9c4cb6dc68ad1d24ed501d479195500b1d8eaf615640d,4,2,160.0,807.1820133088108,14090240,67207168,pass,[],pass,[],pass,9bcc18706a99,ff0cb4429e89,False,pass,[],unchecked,[],2891cd69acf9954eaad74e2521fd9eff610a187ab507976dc2dcab6784afccf1,15120
ci-airgap-smoke/synthetic-smoke/Q8_0/68fc621f9f3916e73aa05b83ba0fa8da9f3cffad22a1c29f5acf8980d8dd743a,bench/results/bench_matrix_20260428T144908Z/ci-airgap-smoke_synthetic-smoke_Q8_0/qemu_prompt_bench_20260428T144909Z.json,qemu_prompt,pass,2026-04-28T14:49:09Z,1894,ci-airgap-smoke,synthetic-smoke,Q8_0,68fc621f9f3916e73aa05b83ba0fa8da9f3cffad22a1c29f5acf8980d8dd743a,b38e17f8fe6b79397ba9c4cb6dc68ad1d24ed501d479195500b1d8eaf615640d,4,2,160.0,949.661299547124,442368,67207168,pass,[],pass,[],pass,fd1f1247258a,ff0cb4429e89,False,pass,[],unchecked,[],ad0f3603c206b1a30a2ee9ee6b3794a92fcd41cfb3b8b64f8f6b7a90cf534da6,15070
ci-airgap-smoke/synthetic-smoke/Q8_0/68fc621f9f3916e73aa05b83ba0fa8da9f3cffad22a1c29f5acf8980d8dd743a,bench/results/bench_matrix_20260428T144908Z/ci-airgap-smoke_synthetic-smoke_Q8_0/qemu_prompt_bench_latest.json,qemu_prompt,pass,2026-04-28T14:49:09Z,1894,ci-airgap-smoke,synthetic-smoke,Q8_0,68fc621f9f3916e73aa05b83ba0fa8da9f3cffad22a1c29f5acf8980d8dd743a,b38e17f8fe6b79397ba9c4cb6dc68ad1d24ed501d479195500b1d8eaf615640d,4,2,160.0,949.661299547124,442368,67207168,pass,[],pass,[],pass,fd1f1247258a,ff0cb4429e89,False,pass,[],unchecked,[],ad0f3603c206b1a30a2ee9ee6b3794a92fcd41cfb3b8b64f8f6b7a90cf534da6,15070
ci-airgap-smoke/synthetic-smoke/Q8_0/68fc621f9f3916e73aa05b83ba0fa8da9f3cffad22a1c29f5acf8980d8dd743a,bench/results/bench_matrix_20260428T150609Z/ci-airgap-smoke_synthetic-smoke_Q8_0/qemu_prompt_bench_20260428T150613Z.json,qemu_prompt,pass,2026-04-28T15:06:13Z,870,ci-airgap-smoke,synthetic-smoke,Q8_0,68fc621f9f3916e73aa05b83ba0fa8da9f3cffad22a1c29f5acf8980d8dd743a,b38e17f8fe6b79397ba9c4cb6dc68ad1d24ed501d479195500b1d8eaf615640d,4,2,160.0,923.3008168222266,14663680,67207168,pass,[],pass,[],pass,ff0cb4429e89,ff0cb4429e89,True,pass,[],unchecked,[],7389eb20c7ae2d33dd84fa6c53e7f9bbdb0c881e7ac545a7ee768268af726b8b,15120
ci-airgap-smoke/synthetic-smoke/Q8_0/68fc621f9f3916e73aa05b83ba0fa8da9f3cffad22a1c29f5acf8980d8dd743a,bench/results/bench_matrix_20260428T150609Z/ci-airgap-smoke_synthetic-smoke_Q8_0/qemu_prompt_bench_latest.json,qemu_prompt,pass,2026-04-28T15:06:13Z,870,ci-airgap-smoke,synthetic-smoke,Q8_0,68fc621f9f3916e73aa05b83ba0fa8da9f3cffad22a1c29f5acf8980d8dd743a,b38e17f8fe6b79397ba9c4cb6dc68ad1d24ed501d479195500b1d8eaf615640d,4,2,160.0,923.3008168222266,14663680,67207168,pass,[],pass,[],pass,ff0cb4429e89,ff0cb4429e89,True,pass,[],unchecked,[],7389eb20c7ae2d33dd84fa6c53e7f9bbdb0c881e7ac545a7ee768268af726b8b,15120
ci-airgap-smoke/synthetic-smoke/Q8_0/68fc621f9f3916e73aa05b83ba0fa8da9f3cffad22a1c29f5acf8980d8dd743a,bench/results/bench_matrix_20260428T152031Z/ci-airgap-smoke_synthetic-smoke_Q8_0/qemu_prompt_bench_20260428T152032Z.json,qemu_prompt,pass,2026-04-28T15:20:32Z,11,ci-airgap-smoke,synthetic-smoke,Q8_0,68fc621f9f3916e73aa05b83ba0fa8da9f3cffad22a1c29f5acf8980d8dd743a,b38e17f8fe6b79397ba9c4cb6dc68ad1d24ed501d479195500b1d8eaf615640d,4,2,160.0,726.6583468049969,557056,67207168,pass,[],pass,[],pass,ff0cb4429e89,ff0cb4429e89,True,pass,[],unchecked,[],270a1cf882200161bb7407a72ca64e8160c6bcddebe810e96c421e653c90f171,15114
ci-airgap-smoke/synthetic-smoke/Q8_0/68fc621f9f3916e73aa05b83ba0fa8da9f3cffad22a1c29f5acf8980d8dd743a,bench/results/bench_matrix_20260428T152031Z/ci-airgap-smoke_synthetic-smoke_Q8_0/qemu_prompt_bench_latest.json,qemu_prompt,pass,2026-04-28T15:20:32Z,11,ci-airgap-smoke,synthetic-smoke,Q8_0,68fc621f9f3916e73aa05b83ba0fa8da9f3cffad22a1c29f5acf8980d8dd743a,b38e17f8fe6b79397ba9c4cb6dc68ad1d24ed501d479195500b1d8eaf615640d,4,2,160.0,726.6583468049969,557056,67207168,pass,[],pass,[],pass,ff0cb4429e89,ff0cb4429e89,True,pass,[],unchecked,[],270a1cf882200161bb7407a72ca64e8160c6bcddebe810e96c421e653c90f171,15114
ci-airgap-smoke/synthetic-smoke/Q8_0/68fc621f9f3916e73aa05b83ba0fa8da9f3cffad22a1c29f5acf8980d8dd743a,bench/results/bench_matrix_latest.json,bench_matrix_cell,pass,2026-04-28T15:20:32Z,11,ci-airgap-smoke,synthetic-smoke,Q8_0,68fc621f9f3916e73aa05b83ba0fa8da9f3cffad22a1c29f5acf8980d8dd743a,b38e17f8fe6b79397ba9c4cb6dc68ad1d24ed501d479195500b1d8eaf615640d,4,2,160.0,726.6583468049969,557056,67207168,pass,[],pass,[],pass,ff0cb4429e89,ff0cb4429e89,True,pass,[],unchecked,[],77a9014ba0878009de0cec5860ab5556e28de490d23d2905c7687a52f2f372e9,3690
ci-airgap-smoke/synthetic-smoke/Q8_0/no-suite,bench/results/bench_matrix_20260427T182910Z/ci-airgap-smoke_synthetic-smoke_Q8_0/qemu_prompt_bench_20260427T182911Z.json,qemu_prompt,pass,2026-04-27T18:29:11Z,75092,ci-airgap-smoke,synthetic-smoke,Q8_0,,,4,2,160.0,,,67207168,pass,[],unknown,"[""qemu_prompt: missing command_sha256 metadata""]",pass,21ad93152049,ff0cb4429e89,False,pass,[],unchecked,[],8b5db103026c546742ed5490b3bb87d2c30f73158d3c65b662759927cfd0c72e,7081
ci-airgap-smoke/synthetic-smoke/Q8_0/no-suite,bench/results/bench_matrix_20260427T182910Z/ci-airgap-smoke_synthetic-smoke_Q8_0/qemu_prompt_bench_latest.json,qemu_prompt,pass,2026-04-27T18:29:11Z,75092,ci-airgap-smoke,synthetic-smoke,Q8_0,,,4,2,160.0,,,67207168,pass,[],unknown,"[""qemu_prompt: missing command_sha256 metadata""]",pass,21ad93152049,ff0cb4429e89,False,pass,[],unchecked,[],8b5db103026c546742ed5490b3bb87d2c30f73158d3c65b662759927cfd0c72e,7081
ci-airgap-smoke/synthetic-smoke/Q8_0/no-suite,bench/results/bench_matrix_20260427T183959Z/ci-airgap-smoke_synthetic-smoke_Q8_0/qemu_prompt_bench_20260427T184001Z.json,qemu_prompt,pass,2026-04-27T18:40:01Z,74442,ci-airgap-smoke,synthetic-smoke,Q8_0,,,4,2,160.0,,,67207168,pass,[],unknown,"[""qemu_prompt: missing command_sha256 metadata""]",pass,5bf1fd7158fd,ff0cb4429e89,False,pass,[],unchecked,[],d51ebd04a54d9ed8ebc4cf0324fc047011e4aed5576e981439ac14eb2a488754,7084
ci-airgap-smoke/synthetic-smoke/Q8_0/no-suite,bench/results/bench_matrix_20260427T183959Z/ci-airgap-smoke_synthetic-smoke_Q8_0/qemu_prompt_bench_latest.json,qemu_prompt,pass,2026-04-27T18:40:01Z,74442,ci-airgap-smoke,synthetic-smoke,Q8_0,,,4,2,160.0,,,67207168,pass,[],unknown,"[""qemu_prompt: missing command_sha256 metadata""]",pass,5bf1fd7158fd,ff0cb4429e89,False,pass,[],unchecked,[],d51ebd04a54d9ed8ebc4cf0324fc047011e4aed5576e981439ac14eb2a488754,7084
synthetic-airgap-smoke/synthetic-smoke/Q4_0/68fc621f9f3916e73aa05b83ba0fa8da9f3cffad22a1c29f5acf8980d8dd743a,bench/results/qemu_prompt_bench_20260427T200233Z.json,qemu_prompt,pass,2026-04-27T20:02:33Z,69490,synthetic-airgap-smoke,synthetic-smoke,Q4_0,68fc621f9f3916e73aa05b83ba0fa8da9f3cffad22a1c29f5acf8980d8dd743a,,6,0,160.0,,,67207168,pass,[],unknown,"[""qemu_prompt: missing command_sha256 metadata""]",pass,786eee1bfa27,ff0cb4429e89,False,pass,[],unchecked,[],c4f1ae311023ee1d0a056d2dd8608554c125d4d9a3e9e76debc5c52e6decc7c1,6881
synthetic-airgap-smoke/synthetic-smoke/Q4_0/68fc621f9f3916e73aa05b83ba0fa8da9f3cffad22a1c29f5acf8980d8dd743a,bench/results/qemu_prompt_bench_20260427T220828Z.json,qemu_prompt,pass,2026-04-27T22:08:28Z,61935,synthetic-airgap-smoke,synthetic-smoke,Q4_0,68fc621f9f3916e73aa05b83ba0fa8da9f3cffad22a1c29f5acf8980d8dd743a,,6,0,160.0,,,67207168,pass,[],unknown,"[""qemu_prompt: missing command_sha256 metadata""]",pass,b5c013b1b596,ff0cb4429e89,False,pass,[],unchecked,[],849d37d12315aee403d03f3f264af1e7978b081ce5ac2f00c7496c85d68b7b21,7059
synthetic-airgap-smoke/synthetic-smoke/Q4_0/68fc621f9f3916e73aa05b83ba0fa8da9f3cffad22a1c29f5acf8980d8dd743a,bench/results/qemu_prompt_bench_20260427T221951Z.json,qemu_prompt,pass,2026-04-27T22:19:51Z,61252,synthetic-airgap-smoke,synthetic-smoke,Q4_0,68fc621f9f3916e73aa05b83ba0fa8da9f3cffad22a1c29f5acf8980d8dd743a,,6,0,160.0,,,67207168,pass,[],unknown,"[""qemu_prompt: missing command_sha256 metadata""]",pass,ea55b6ea98dd,ff0cb4429e89,False,pass,[],unchecked,[],0e2406a9bb88ba1a10473ba873cb7bfab569fd3e9d6afec0af2a5cd0875a7824,7179
synthetic-airgap-smoke/synthetic-smoke/Q4_0/68fc621f9f3916e73aa05b83ba0fa8da9f3cffad22a1c29f5acf8980d8dd743a,bench/results/qemu_prompt_bench_20260427T231904Z.json,qemu_prompt,pass,2026-04-27T23:19:04Z,57699,synthetic-airgap-smoke,synthetic-smoke,Q4_0,68fc621f9f3916e73aa05b83ba0fa8da9f3cffad22a1c29f5acf8980d8dd743a,,6,0,160.0,,,67207168,pass,[],unknown,"[""qemu_prompt: missing command_sha256 metadata""]",pass,36f90ed16742,ff0cb4429e89,False,pass,[],unchecked,[],b926982911873580d956553c90e26ab75cb615c215eec5addea9e0e0a57b9866,7179
synthetic-airgap-smoke/synthetic-smoke/Q4_0/68fc621f9f3916e73aa05b83ba0fa8da9f3cffad22a1c29f5acf8980d8dd743a,bench/results/qemu_prompt_bench_20260427T233253Z.json,qemu_prompt,pass,2026-04-27T23:32:53Z,56870,synthetic-airgap-smoke,synthetic-smoke,Q4_0,68fc621f9f3916e73aa05b83ba0fa8da9f3cffad22a1c29f5acf8980d8dd743a,,6,0,160.0,,,67207168,pass,[],unknown,"[""qemu_prompt: missing command_sha256 metadata""]",pass,b1e55ed7d43f,ff0cb4429e89,False,pass,[],unchecked,[],90eb7cf76f9677ef57b9eccb0880e6a2056e72f2817e5ef5376cd7f4290c0b21,7492
synthetic-airgap-smoke/synthetic-smoke/Q4_0/68fc621f9f3916e73aa05b83ba0fa8da9f3cffad22a1c29f5acf8980d8dd743a,bench/results/qemu_prompt_bench_20260427T234033Z.json,qemu_prompt,pass,2026-04-27T23:40:33Z,56410,synthetic-airgap-smoke,synthetic-smoke,Q4_0,68fc621f9f3916e73aa05b83ba0fa8da9f3cffad22a1c29f5acf8980d8dd743a,,6,0,160.0,,,67207168,pass,[],unknown,"[""qemu_prompt: missing command_sha256 metadata""]",pass,4981d42b1a52,ff0cb4429e89,False,pass,[],unchecked,[],d1c1674b86c71c780cccdc94f9361d37abe1c9532aff6fc976c4254a76d0f6ad,8027
synthetic-airgap-smoke/synthetic-smoke/Q4_0/68fc621f9f3916e73aa05b83ba0fa8da9f3cffad22a1c29f5acf8980d8dd743a,bench/results/qemu_prompt_bench_20260428T000110Z.json,qemu_prompt,pass,2026-04-28T00:01:10Z,55173,synthetic-airgap-smoke,synthetic-smoke,Q4_0,68fc621f9f3916e73aa05b83ba0fa8da9f3cffad22a1c29f5acf8980d8dd743a,,6,0,160.0,,,67207168,pass,[],unknown,"[""qemu_prompt: missing command_sha256 metadata""]",pass,1588059f2388,ff0cb4429e89,False,pass,[],unchecked,[],a8378b399e21937e84d07fed92ee2937c90d356bec6842e57a4ff25c54cbe3e0,8420
synthetic-airgap-smoke/synthetic-smoke/Q4_0/68fc621f9f3916e73aa05b83ba0fa8da9f3cffad22a1c29f5acf8980d8dd743a,bench/results/qemu_prompt_bench_20260428T000650Z.json,qemu_prompt,pass,2026-04-28T00:06:50Z,54833,synthetic-airgap-smoke,synthetic-smoke,Q4_0,68fc621f9f3916e73aa05b83ba0fa8da9f3cffad22a1c29f5acf8980d8dd743a,,6,0,160.0,,,67207168,pass,[],unknown,"[""qemu_prompt: missing command_sha256 metadata""]",pass,ec4b6dde4fd6,ff0cb4429e89,False,pass,[],unchecked,[],9b09fc0ac764a11767ca2578787b56bf8609bfd565d5e80563af0536bdec7ba5,8964
synthetic-airgap-smoke/synthetic-smoke/Q4_0/68fc621f9f3916e73aa05b83ba0fa8da9f3cffad22a1c29f5acf8980d8dd743a,bench/results/qemu_prompt_bench_20260428T024600Z.json,qemu_prompt,pass,2026-04-28T02:46:00Z,45283,synthetic-airgap-smoke,synthetic-smoke,Q4_0,68fc621f9f3916e73aa05b83ba0fa8da9f3cffad22a1c29f5acf8980d8dd743a,,6,0,160.0,,,67207168,pass,[],unknown,"[""qemu_prompt: missing command_sha256 metadata""]",pass,ba875d39995e,ff0cb4429e89,False,pass,[],unchecked,[],9eee51403685ebf6e1d3c2bb80ae17b915d0af73be8786e1b6fc1401b8db4618,9157
synthetic-airgap-smoke/synthetic-smoke/Q4_0/68fc621f9f3916e73aa05b83ba0fa8da9f3cffad22a1c29f5acf8980d8dd743a,bench/results/qemu_prompt_bench_20260428T044520Z.json,qemu_prompt,pass,2026-04-28T04:45:20Z,38123,synthetic-airgap-smoke,synthetic-smoke,Q4_0,68fc621f9f3916e73aa05b83ba0fa8da9f3cffad22a1c29f5acf8980d8dd743a,,6,0,160.0,,,67207168,pass,[],unknown,"[""qemu_prompt: missing command_sha256 metadata""]",pass,9305c9617dbe,ff0cb4429e89,False,pass,[],unchecked,[],a0997d1c02b60d7fd332823bc3b8eae403d92cf7ed9d43e143eec6aebbb15bc1,9845
synthetic-airgap-smoke/synthetic-smoke/Q4_0/68fc621f9f3916e73aa05b83ba0fa8da9f3cffad22a1c29f5acf8980d8dd743a,bench/results/qemu_prompt_bench_20260428T045336Z.json,qemu_prompt,pass,2026-04-28T04:53:36Z,37627,synthetic-airgap-smoke,synthetic-smoke,Q4_0,68fc621f9f3916e73aa05b83ba0fa8da9f3cffad22a1c29f5acf8980d8dd743a,,6,0,160.0,,,67207168,pass,[],unknown,"[""qemu_prompt: missing command_sha256 metadata""]",pass,cd2ef624364d,ff0cb4429e89,False,pass,[],unchecked,[],b249729d5080a630b71557974734fee75b56512005153a5e0ffbef2f48358617,10838
synthetic-airgap-smoke/synthetic-smoke/Q4_0/68fc621f9f3916e73aa05b83ba0fa8da9f3cffad22a1c29f5acf8980d8dd743a,bench/results/qemu_prompt_bench_20260428T051723Z.json,qemu_prompt,pass,2026-04-28T05:17:23Z,36200,synthetic-airgap-smoke,synthetic-smoke,Q4_0,68fc621f9f3916e73aa05b83ba0fa8da9f3cffad22a1c29f5acf8980d8dd743a,,6,0,160.0,,,67207168,pass,[],unknown,"[""qemu_prompt: missing command_sha256 metadata""]",pass,e4b0c6c494ee,ff0cb4429e89,False,pass,[],unchecked,[],99612e31fb0f5c72d49a83b0c21fc00e13d9dfc6f0c6204349ef099c50ecdcff,10931
synthetic-airgap-smoke/synthetic-smoke/Q4_0/68fc621f9f3916e73aa05b83ba0fa8da9f3cffad22a1c29f5acf8980d8dd743a,bench/results/qemu_prompt_bench_20260428T061952Z.json,qemu_prompt,pass,2026-04-28T06:19:52Z,32451,synthetic-airgap-smoke,synthetic-smoke,Q4_0,68fc621f9f3916e73aa05b83ba0fa8da9f3cffad22a1c29f5acf8980d8dd743a,e415146c052b9f0baa23706ffde97548f2374f6601337823b4d810c39bed48e7,6,0,160.0,,,67207168,pass,[],pass,[],pass,d1ee8f0158c3,ff0cb4429e89,False,pass,[],unchecked,[],ea6d53082ea759f952c88fa30d2fbd261faa63e53baa3b224ebab7a2cd42695d,11647
synthetic-airgap-smoke/synthetic-smoke/Q4_0/68fc621f9f3916e73aa05b83ba0fa8da9f3cffad22a1c29f5acf8980d8dd743a,bench/results/qemu_prompt_bench_20260428T124220Z.json,qemu_prompt,pass,2026-04-28T12:42:20Z,9503,synthetic-airgap-smoke,synthetic-smoke,Q4_0,68fc621f9f3916e73aa05b83ba0fa8da9f3cffad22a1c29f5acf8980d8dd743a,e415146c052b9f0baa23706ffde97548f2374f6601337823b4d810c39bed48e7,6,0,160.0,,,67207168,pass,[],pass,[],pass,b943c38d923f,ff0cb4429e89,False,pass,[],unchecked,[],9925f66667d42e2303717fa427b5be28ab6f2c217099a922ab2c52944e6f9a6e,11869
synthetic-airgap-smoke/synthetic-smoke/Q4_0/68fc621f9f3916e73aa05b83ba0fa8da9f3cffad22a1c29f5acf8980d8dd743a,bench/results/qemu_prompt_bench_20260428T125149Z.json,qemu_prompt,pass,2026-04-28T12:51:49Z,8934,synthetic-airgap-smoke,synthetic-smoke,Q4_0,68fc621f9f3916e73aa05b83ba0fa8da9f3cffad22a1c29f5acf8980d8dd743a,e415146c052b9f0baa23706ffde97548f2374f6601337823b4d810c39bed48e7,6,0,160.0,,,67207168,pass,[],pass,[],pass,fc1728848aad,ff0cb4429e89,False,pass,[],unchecked,[],9a685d2e888ebcc6a35efeedc5cab98e250482e5f643d975379523e62cd0d1bb,13173
synthetic-airgap-smoke/synthetic-smoke/Q4_0/68fc621f9f3916e73aa05b83ba0fa8da9f3cffad22a1c29f5acf8980d8dd743a,bench/results/qemu_prompt_bench_20260428T134519Z.json,qemu_prompt,pass,2026-04-28T13:45:19Z,5724,synthetic-airgap-smoke,synthetic-smoke,Q4_0,68fc621f9f3916e73aa05b83ba0fa8da9f3cffad22a1c29f5acf8980d8dd743a,e415146c052b9f0baa23706ffde97548f2374f6601337823b4d810c39bed48e7,6,0,160.0,,,67207168,pass,[],pass,[],pass,d580dff2e3e3,ff0cb4429e89,False,pass,[],unchecked,[],8cf0635fc7fc8d26a83fa215cd763ab8b95084a8883aca70dab67adebd05c3c9,13255
synthetic-airgap-smoke/synthetic-smoke/Q4_0/68fc621f9f3916e73aa05b83ba0fa8da9f3cffad22a1c29f5acf8980d8dd743a,bench/results/qemu_prompt_bench_20260428T142810Z.json,qemu_prompt,pass,2026-04-28T14:28:10Z,3153,synthetic-airgap-smoke,synthetic-smoke,Q4_0,68fc621f9f3916e73aa05b83ba0fa8da9f3cffad22a1c29f5acf8980d8dd743a,e415146c052b9f0baa23706ffde97548f2374f6601337823b4d810c39bed48e7,6,0,160.0,715.8005481410606,,67207168,pass,[],pass,[],pass,757d8ba7addc,ff0cb4429e89,False,pass,[],unchecked,[],e20cd8eeeb7be011fe11718c76fafc0f2c3f40383f86ac643855311378c7f4dd,13709
synthetic-airgap-smoke/synthetic-smoke/Q4_0/68fc621f9f3916e73aa05b83ba0fa8da9f3cffad22a1c29f5acf8980d8dd743a,bench/results/qemu_prompt_bench_20260428T143901Z.json,qemu_prompt,pass,2026-04-28T14:39:01Z,2502,synthetic-airgap-smoke,synthetic-smoke,Q4_0,68fc621f9f3916e73aa05b83ba0fa8da9f3cffad22a1c29f5acf8980d8dd743a,e415146c052b9f0baa23706ffde97548f2374f6601337823b4d810c39bed48e7,6,0,160.0,829.9444491447433,13303808,67207168,pass,[],pass,[],pass,9bcc18706a99,ff0cb4429e89,False,pass,[],unchecked,[],1946e6cd8983b3343f586c0299b4b361024a6c7295035e2051c9621d740e70d5,14266
synthetic-airgap-smoke/synthetic-smoke/Q4_0/68fc621f9f3916e73aa05b83ba0fa8da9f3cffad22a1c29f5acf8980d8dd743a,bench/results/qemu_prompt_bench_latest.json,qemu_prompt,pass,2026-04-28T14:39:01Z,2502,synthetic-airgap-smoke,synthetic-smoke,Q4_0,68fc621f9f3916e73aa05b83ba0fa8da9f3cffad22a1c29f5acf8980d8dd743a,e415146c052b9f0baa23706ffde97548f2374f6601337823b4d810c39bed48e7,6,0,160.0,829.9444491447433,13303808,67207168,pass,[],pass,[],pass,9bcc18706a99,ff0cb4429e89,False,pass,[],unchecked,[],1946e6cd8983b3343f586c0299b4b361024a6c7295035e2051c9621d740e70d5,14266
synthetic-airgap-smoke/synthetic-smoke/Q4_0/no-suite,bench/results/qemu_prompt_bench_20260427T144137Z.json,qemu_prompt,pass,2026-04-27T14:41:37Z,88746,synthetic-airgap-smoke,synthetic-smoke,Q4_0,,,6,0,160.0,,,,pass,[],unknown,"[""qemu_prompt: missing command_sha256 metadata""]",pass,5b98f2570b1c,ff0cb4429e89,False,pass,[],unchecked,[],58d04ceca4ecb71fa79a3fc2a7c5d3767ece4115800edeb153db330eccb2d319,6178
synthetic-airgap-smoke/synthetic-smoke/Q4_0/no-suite,bench/results/qemu_prompt_bench_20260427T161259Z.json,qemu_prompt,pass,2026-04-27T16:12:59Z,83264,synthetic-airgap-smoke,synthetic-smoke,Q4_0,,,6,0,160.0,,,,pass,[],unknown,"[""qemu_prompt: missing command_sha256 metadata""]",pass,85cce7c2f224,ff0cb4429e89,False,pass,[],unchecked,[],da7a83865a1eac99b962a859ffea90af8495fc7a502598a4f405f3094242f128,5938
synthetic-airgap-smoke/synthetic-smoke/Q4_0/no-suite,bench/results/qemu_prompt_bench_20260427T170437Z.json,qemu_prompt,pass,2026-04-27T17:04:37Z,80166,synthetic-airgap-smoke,synthetic-smoke,Q4_0,,,6,0,160.0,,,67207168,pass,[],unknown,"[""qemu_prompt: missing command_sha256 metadata""]",pass,3f9df4f0bd7a,ff0cb4429e89,False,pass,[],unchecked,[],7080943945acbe002c75b2f3a6f277cf850f0beba88d5af0b68577313d8a9cea,6370
synthetic-airgap-smoke/synthetic-smoke/Q4_0/no-suite,bench/results/qemu_prompt_bench_20260427T172021Z.json,qemu_prompt,pass,2026-04-27T17:20:21Z,79222,synthetic-airgap-smoke,synthetic-smoke,Q4_0,,,6,0,160.0,,,67207168,pass,[],unknown,"[""qemu_prompt: missing command_sha256 metadata""]",pass,e71bfc15a184,ff0cb4429e89,False,pass,[],unchecked,[],e12ba43d17a370743d9164566feda153c56f5b928991325e9967180699e2a238,6370
synthetic-airgap-smoke/synthetic-smoke/Q4_0/no-suite,bench/results/qemu_prompt_bench_20260427T180219Z.json,qemu_prompt,pass,2026-04-27T18:02:19Z,76704,synthetic-airgap-smoke,synthetic-smoke,Q4_0,,,6,2,160.0,,,67207168,pass,[],unknown,"[""qemu_prompt: missing command_sha256 metadata""]",pass,7f007ced1a84,ff0cb4429e89,False,pass,[],unchecked,[],0ffc59e1f1067c12cf78eeab987f021e3e9adcdd21acdaf12d73e4dddab659c1,8297
synthetic-airgap-smoke/synthetic-smoke/Q4_0/no-suite,bench/results/qemu_prompt_bench_20260427T192232Z.json,qemu_prompt,pass,2026-04-27T19:22:32Z,71891,synthetic-airgap-smoke,synthetic-smoke,Q4_0,,,6,0,160.0,,,67207168,pass,[],unknown,"[""qemu_prompt: missing command_sha256 metadata""]",pass,708be92b565a,ff0cb4429e89,False,pass,[],unchecked,[],d7a8b390218f0d34a445c291a4e0a361530bb29055a6af7dd943c0558ff44925,6704
