source,row,text_fields_checked,sensitive_fields_checked,secret_findings
bench/results/bench_matrix_20260427T182910Z/ci-airgap-smoke_synthetic-smoke_Q4_0/qemu_prompt_bench_20260427T182911Z.json,1,51,0,0
bench/results/bench_matrix_20260427T182910Z/ci-airgap-smoke_synthetic-smoke_Q4_0/qemu_prompt_bench_20260427T182911Z.json,2,51,0,0
bench/results/bench_matrix_20260427T182910Z/ci-airgap-smoke_synthetic-smoke_Q4_0/qemu_prompt_bench_20260427T182911Z.json,3,51,0,0
bench/results/bench_matrix_20260427T182910Z/ci-airgap-smoke_synthetic-smoke_Q4_0/qemu_prompt_bench_20260427T182911Z.json,4,51,0,0
bench/results/bench_matrix_20260427T182910Z/ci-airgap-smoke_synthetic-smoke_Q4_0/qemu_prompt_bench_20260427T182911Z.json,5,51,0,0
bench/results/bench_matrix_20260427T182910Z/ci-airgap-smoke_synthetic-smoke_Q4_0/qemu_prompt_bench_20260427T182911Z.json,6,51,0,0
bench/results/bench_matrix_20260427T182910Z/ci-airgap-smoke_synthetic-smoke_Q4_0/qemu_prompt_bench_latest.json,1,51,0,0
bench/results/bench_matrix_20260427T182910Z/ci-airgap-smoke_synthetic-smoke_Q4_0/qemu_prompt_bench_latest.json,2,51,0,0
bench/results/bench_matrix_20260427T182910Z/ci-airgap-smoke_synthetic-smoke_Q4_0/qemu_prompt_bench_latest.json,3,51,0,0
bench/results/bench_matrix_20260427T182910Z/ci-airgap-smoke_synthetic-smoke_Q4_0/qemu_prompt_bench_latest.json,4,51,0,0
bench/results/bench_matrix_20260427T182910Z/ci-airgap-smoke_synthetic-smoke_Q4_0/qemu_prompt_bench_latest.json,5,51,0,0
bench/results/bench_matrix_20260427T182910Z/ci-airgap-smoke_synthetic-smoke_Q4_0/qemu_prompt_bench_latest.json,6,51,0,0
bench/results/bench_matrix_20260427T182910Z/ci-airgap-smoke_synthetic-smoke_Q8_0/qemu_prompt_bench_20260427T182911Z.json,1,51,0,0
bench/results/bench_matrix_20260427T182910Z/ci-airgap-smoke_synthetic-smoke_Q8_0/qemu_prompt_bench_20260427T182911Z.json,2,51,0,0
bench/results/bench_matrix_20260427T182910Z/ci-airgap-smoke_synthetic-smoke_Q8_0/qemu_prompt_bench_20260427T182911Z.json,3,51,0,0
bench/results/bench_matrix_20260427T182910Z/ci-airgap-smoke_synthetic-smoke_Q8_0/qemu_prompt_bench_20260427T182911Z.json,4,51,0,0
bench/results/bench_matrix_20260427T182910Z/ci-airgap-smoke_synthetic-smoke_Q8_0/qemu_prompt_bench_20260427T182911Z.json,5,51,0,0
bench/results/bench_matrix_20260427T182910Z/ci-airgap-smoke_synthetic-smoke_Q8_0/qemu_prompt_bench_20260427T182911Z.json,6,51,0,0
bench/results/bench_matrix_20260427T182910Z/ci-airgap-smoke_synthetic-smoke_Q8_0/qemu_prompt_bench_latest.json,1,51,0,0
bench/results/bench_matrix_20260427T182910Z/ci-airgap-smoke_synthetic-smoke_Q8_0/qemu_prompt_bench_latest.json,2,51,0,0
bench/results/bench_matrix_20260427T182910Z/ci-airgap-smoke_synthetic-smoke_Q8_0/qemu_prompt_bench_latest.json,3,51,0,0
bench/results/bench_matrix_20260427T182910Z/ci-airgap-smoke_synthetic-smoke_Q8_0/qemu_prompt_bench_latest.json,4,51,0,0
bench/results/bench_matrix_20260427T182910Z/ci-airgap-smoke_synthetic-smoke_Q8_0/qemu_prompt_bench_latest.json,5,51,0,0
bench/results/bench_matrix_20260427T182910Z/ci-airgap-smoke_synthetic-smoke_Q8_0/qemu_prompt_bench_latest.json,6,51,0,0
bench/results/bench_matrix_20260427T183959Z/ci-airgap-smoke_synthetic-smoke_Q4_0/qemu_prompt_bench_20260427T184001Z.json,1,51,0,0
bench/results/bench_matrix_20260427T183959Z/ci-airgap-smoke_synthetic-smoke_Q4_0/qemu_prompt_bench_20260427T184001Z.json,2,51,0,0
bench/results/bench_matrix_20260427T183959Z/ci-airgap-smoke_synthetic-smoke_Q4_0/qemu_prompt_bench_20260427T184001Z.json,3,51,0,0
bench/results/bench_matrix_20260427T183959Z/ci-airgap-smoke_synthetic-smoke_Q4_0/qemu_prompt_bench_20260427T184001Z.json,4,51,0,0
bench/results/bench_matrix_20260427T183959Z/ci-airgap-smoke_synthetic-smoke_Q4_0/qemu_prompt_bench_20260427T184001Z.json,5,51,0,0
bench/results/bench_matrix_20260427T183959Z/ci-airgap-smoke_synthetic-smoke_Q4_0/qemu_prompt_bench_20260427T184001Z.json,6,51,0,0
bench/results/bench_matrix_20260427T183959Z/ci-airgap-smoke_synthetic-smoke_Q4_0/qemu_prompt_bench_latest.json,1,51,0,0
bench/results/bench_matrix_20260427T183959Z/ci-airgap-smoke_synthetic-smoke_Q4_0/qemu_prompt_bench_latest.json,2,51,0,0
bench/results/bench_matrix_20260427T183959Z/ci-airgap-smoke_synthetic-smoke_Q4_0/qemu_prompt_bench_latest.json,3,51,0,0
bench/results/bench_matrix_20260427T183959Z/ci-airgap-smoke_synthetic-smoke_Q4_0/qemu_prompt_bench_latest.json,4,51,0,0
bench/results/bench_matrix_20260427T183959Z/ci-airgap-smoke_synthetic-smoke_Q4_0/qemu_prompt_bench_latest.json,5,51,0,0
bench/results/bench_matrix_20260427T183959Z/ci-airgap-smoke_synthetic-smoke_Q4_0/qemu_prompt_bench_latest.json,6,51,0,0
bench/results/bench_matrix_20260427T183959Z/ci-airgap-smoke_synthetic-smoke_Q8_0/qemu_prompt_bench_20260427T184001Z.json,1,51,0,0
bench/results/bench_matrix_20260427T183959Z/ci-airgap-smoke_synthetic-smoke_Q8_0/qemu_prompt_bench_20260427T184001Z.json,2,51,0,0
bench/results/bench_matrix_20260427T183959Z/ci-airgap-smoke_synthetic-smoke_Q8_0/qemu_prompt_bench_20260427T184001Z.json,3,51,0,0
bench/results/bench_matrix_20260427T183959Z/ci-airgap-smoke_synthetic-smoke_Q8_0/qemu_prompt_bench_20260427T184001Z.json,4,51,0,0
bench/results/bench_matrix_20260427T183959Z/ci-airgap-smoke_synthetic-smoke_Q8_0/qemu_prompt_bench_20260427T184001Z.json,5,51,0,0
bench/results/bench_matrix_20260427T183959Z/ci-airgap-smoke_synthetic-smoke_Q8_0/qemu_prompt_bench_20260427T184001Z.json,6,51,0,0
bench/results/bench_matrix_20260427T183959Z/ci-airgap-smoke_synthetic-smoke_Q8_0/qemu_prompt_bench_latest.json,1,51,0,0
bench/results/bench_matrix_20260427T183959Z/ci-airgap-smoke_synthetic-smoke_Q8_0/qemu_prompt_bench_latest.json,2,51,0,0
bench/results/bench_matrix_20260427T183959Z/ci-airgap-smoke_synthetic-smoke_Q8_0/qemu_prompt_bench_latest.json,3,51,0,0
bench/results/bench_matrix_20260427T183959Z/ci-airgap-smoke_synthetic-smoke_Q8_0/qemu_prompt_bench_latest.json,4,51,0,0
bench/results/bench_matrix_20260427T183959Z/ci-airgap-smoke_synthetic-smoke_Q8_0/qemu_prompt_bench_latest.json,5,51,0,0
bench/results/bench_matrix_20260427T183959Z/ci-airgap-smoke_synthetic-smoke_Q8_0/qemu_prompt_bench_latest.json,6,51,0,0
bench/results/bench_matrix_20260427T200249Z/ci-airgap-smoke_synthetic-smoke_Q4_0/qemu_prompt_bench_20260427T200250Z.json,1,65,0,0
bench/results/bench_matrix_20260427T200249Z/ci-airgap-smoke_synthetic-smoke_Q4_0/qemu_prompt_bench_20260427T200250Z.json,2,65,0,0
bench/results/bench_matrix_20260427T200249Z/ci-airgap-smoke_synthetic-smoke_Q4_0/qemu_prompt_bench_20260427T200250Z.json,3,65,0,0
bench/results/bench_matrix_20260427T200249Z/ci-airgap-smoke_synthetic-smoke_Q4_0/qemu_prompt_bench_20260427T200250Z.json,4,65,0,0
bench/results/bench_matrix_20260427T200249Z/ci-airgap-smoke_synthetic-smoke_Q4_0/qemu_prompt_bench_20260427T200250Z.json,5,65,0,0
bench/results/bench_matrix_20260427T200249Z/ci-airgap-smoke_synthetic-smoke_Q4_0/qemu_prompt_bench_20260427T200250Z.json,6,65,0,0
bench/results/bench_matrix_20260427T200249Z/ci-airgap-smoke_synthetic-smoke_Q4_0/qemu_prompt_bench_latest.json,1,65,0,0
bench/results/bench_matrix_20260427T200249Z/ci-airgap-smoke_synthetic-smoke_Q4_0/qemu_prompt_bench_latest.json,2,65,0,0
bench/results/bench_matrix_20260427T200249Z/ci-airgap-smoke_synthetic-smoke_Q4_0/qemu_prompt_bench_latest.json,3,65,0,0
bench/results/bench_matrix_20260427T200249Z/ci-airgap-smoke_synthetic-smoke_Q4_0/qemu_prompt_bench_latest.json,4,65,0,0
bench/results/bench_matrix_20260427T200249Z/ci-airgap-smoke_synthetic-smoke_Q4_0/qemu_prompt_bench_latest.json,5,65,0,0
bench/results/bench_matrix_20260427T200249Z/ci-airgap-smoke_synthetic-smoke_Q4_0/qemu_prompt_bench_latest.json,6,65,0,0
bench/results/bench_matrix_20260427T200249Z/ci-airgap-smoke_synthetic-smoke_Q8_0/qemu_prompt_bench_20260427T200250Z.json,1,65,0,0
bench/results/bench_matrix_20260427T200249Z/ci-airgap-smoke_synthetic-smoke_Q8_0/qemu_prompt_bench_20260427T200250Z.json,2,65,0,0
bench/results/bench_matrix_20260427T200249Z/ci-airgap-smoke_synthetic-smoke_Q8_0/qemu_prompt_bench_20260427T200250Z.json,3,65,0,0
bench/results/bench_matrix_20260427T200249Z/ci-airgap-smoke_synthetic-smoke_Q8_0/qemu_prompt_bench_20260427T200250Z.json,4,65,0,0
bench/results/bench_matrix_20260427T200249Z/ci-airgap-smoke_synthetic-smoke_Q8_0/qemu_prompt_bench_20260427T200250Z.json,5,65,0,0
bench/results/bench_matrix_20260427T200249Z/ci-airgap-smoke_synthetic-smoke_Q8_0/qemu_prompt_bench_20260427T200250Z.json,6,65,0,0
bench/results/bench_matrix_20260427T200249Z/ci-airgap-smoke_synthetic-smoke_Q8_0/qemu_prompt_bench_latest.json,1,65,0,0
bench/results/bench_matrix_20260427T200249Z/ci-airgap-smoke_synthetic-smoke_Q8_0/qemu_prompt_bench_latest.json,2,65,0,0
bench/results/bench_matrix_20260427T200249Z/ci-airgap-smoke_synthetic-smoke_Q8_0/qemu_prompt_bench_latest.json,3,65,0,0
bench/results/bench_matrix_20260427T200249Z/ci-airgap-smoke_synthetic-smoke_Q8_0/qemu_prompt_bench_latest.json,4,65,0,0
bench/results/bench_matrix_20260427T200249Z/ci-airgap-smoke_synthetic-smoke_Q8_0/qemu_prompt_bench_latest.json,5,65,0,0
bench/results/bench_matrix_20260427T200249Z/ci-airgap-smoke_synthetic-smoke_Q8_0/qemu_prompt_bench_latest.json,6,65,0,0
bench/results/bench_matrix_20260427T230733Z/ci-airgap-smoke_synthetic-smoke_Q4_0/qemu_prompt_bench_20260427T230734Z.json,1,72,0,0
bench/results/bench_matrix_20260427T230733Z/ci-airgap-smoke_synthetic-smoke_Q4_0/qemu_prompt_bench_20260427T230734Z.json,2,72,0,0
bench/results/bench_matrix_20260427T230733Z/ci-airgap-smoke_synthetic-smoke_Q4_0/qemu_prompt_bench_20260427T230734Z.json,3,72,0,0
bench/results/bench_matrix_20260427T230733Z/ci-airgap-smoke_synthetic-smoke_Q4_0/qemu_prompt_bench_20260427T230734Z.json,4,72,0,0
bench/results/bench_matrix_20260427T230733Z/ci-airgap-smoke_synthetic-smoke_Q4_0/qemu_prompt_bench_20260427T230734Z.json,5,72,0,0
bench/results/bench_matrix_20260427T230733Z/ci-airgap-smoke_synthetic-smoke_Q4_0/qemu_prompt_bench_20260427T230734Z.json,6,72,0,0
bench/results/bench_matrix_20260427T230733Z/ci-airgap-smoke_synthetic-smoke_Q4_0/qemu_prompt_bench_latest.json,1,72,0,0
bench/results/bench_matrix_20260427T230733Z/ci-airgap-smoke_synthetic-smoke_Q4_0/qemu_prompt_bench_latest.json,2,72,0,0
bench/results/bench_matrix_20260427T230733Z/ci-airgap-smoke_synthetic-smoke_Q4_0/qemu_prompt_bench_latest.json,3,72,0,0
bench/results/bench_matrix_20260427T230733Z/ci-airgap-smoke_synthetic-smoke_Q4_0/qemu_prompt_bench_latest.json,4,72,0,0
bench/results/bench_matrix_20260427T230733Z/ci-airgap-smoke_synthetic-smoke_Q4_0/qemu_prompt_bench_latest.json,5,72,0,0
bench/results/bench_matrix_20260427T230733Z/ci-airgap-smoke_synthetic-smoke_Q4_0/qemu_prompt_bench_latest.json,6,72,0,0
bench/results/bench_matrix_20260427T230733Z/ci-airgap-smoke_synthetic-smoke_Q8_0/qemu_prompt_bench_20260427T230734Z.json,1,72,0,0
bench/results/bench_matrix_20260427T230733Z/ci-airgap-smoke_synthetic-smoke_Q8_0/qemu_prompt_bench_20260427T230734Z.json,2,72,0,0
bench/results/bench_matrix_20260427T230733Z/ci-airgap-smoke_synthetic-smoke_Q8_0/qemu_prompt_bench_20260427T230734Z.json,3,72,0,0
bench/results/bench_matrix_20260427T230733Z/ci-airgap-smoke_synthetic-smoke_Q8_0/qemu_prompt_bench_20260427T230734Z.json,4,72,0,0
bench/results/bench_matrix_20260427T230733Z/ci-airgap-smoke_synthetic-smoke_Q8_0/qemu_prompt_bench_20260427T230734Z.json,5,72,0,0
bench/results/bench_matrix_20260427T230733Z/ci-airgap-smoke_synthetic-smoke_Q8_0/qemu_prompt_bench_20260427T230734Z.json,6,72,0,0
bench/results/bench_matrix_20260427T230733Z/ci-airgap-smoke_synthetic-smoke_Q8_0/qemu_prompt_bench_latest.json,1,72,0,0
bench/results/bench_matrix_20260427T230733Z/ci-airgap-smoke_synthetic-smoke_Q8_0/qemu_prompt_bench_latest.json,2,72,0,0
bench/results/bench_matrix_20260427T230733Z/ci-airgap-smoke_synthetic-smoke_Q8_0/qemu_prompt_bench_latest.json,3,72,0,0
bench/results/bench_matrix_20260427T230733Z/ci-airgap-smoke_synthetic-smoke_Q8_0/qemu_prompt_bench_latest.json,4,72,0,0
bench/results/bench_matrix_20260427T230733Z/ci-airgap-smoke_synthetic-smoke_Q8_0/qemu_prompt_bench_latest.json,5,72,0,0
bench/results/bench_matrix_20260427T230733Z/ci-airgap-smoke_synthetic-smoke_Q8_0/qemu_prompt_bench_latest.json,6,72,0,0
bench/results/bench_matrix_20260427T234738Z/ci-airgap-smoke_synthetic-smoke_Q4_0/qemu_prompt_bench_20260427T234738Z.json,1,88,0,0
bench/results/bench_matrix_20260427T234738Z/ci-airgap-smoke_synthetic-smoke_Q4_0/qemu_prompt_bench_20260427T234738Z.json,2,88,0,0
bench/results/bench_matrix_20260427T234738Z/ci-airgap-smoke_synthetic-smoke_Q4_0/qemu_prompt_bench_20260427T234738Z.json,3,88,0,0
bench/results/bench_matrix_20260427T234738Z/ci-airgap-smoke_synthetic-smoke_Q4_0/qemu_prompt_bench_20260427T234738Z.json,4,88,0,0
bench/results/bench_matrix_20260427T234738Z/ci-airgap-smoke_synthetic-smoke_Q4_0/qemu_prompt_bench_20260427T234738Z.json,5,88,0,0
bench/results/bench_matrix_20260427T234738Z/ci-airgap-smoke_synthetic-smoke_Q4_0/qemu_prompt_bench_20260427T234738Z.json,6,88,0,0
bench/results/bench_matrix_20260427T234738Z/ci-airgap-smoke_synthetic-smoke_Q4_0/qemu_prompt_bench_latest.json,1,88,0,0
bench/results/bench_matrix_20260427T234738Z/ci-airgap-smoke_synthetic-smoke_Q4_0/qemu_prompt_bench_latest.json,2,88,0,0
bench/results/bench_matrix_20260427T234738Z/ci-airgap-smoke_synthetic-smoke_Q4_0/qemu_prompt_bench_latest.json,3,88,0,0
bench/results/bench_matrix_20260427T234738Z/ci-airgap-smoke_synthetic-smoke_Q4_0/qemu_prompt_bench_latest.json,4,88,0,0
bench/results/bench_matrix_20260427T234738Z/ci-airgap-smoke_synthetic-smoke_Q4_0/qemu_prompt_bench_latest.json,5,88,0,0
bench/results/bench_matrix_20260427T234738Z/ci-airgap-smoke_synthetic-smoke_Q4_0/qemu_prompt_bench_latest.json,6,88,0,0
bench/results/bench_matrix_20260427T234738Z/ci-airgap-smoke_synthetic-smoke_Q8_0/qemu_prompt_bench_20260427T234738Z.json,1,88,0,0
bench/results/bench_matrix_20260427T234738Z/ci-airgap-smoke_synthetic-smoke_Q8_0/qemu_prompt_bench_20260427T234738Z.json,2,88,0,0
bench/results/bench_matrix_20260427T234738Z/ci-airgap-smoke_synthetic-smoke_Q8_0/qemu_prompt_bench_20260427T234738Z.json,3,88,0,0
bench/results/bench_matrix_20260427T234738Z/ci-airgap-smoke_synthetic-smoke_Q8_0/qemu_prompt_bench_20260427T234738Z.json,4,88,0,0
bench/results/bench_matrix_20260427T234738Z/ci-airgap-smoke_synthetic-smoke_Q8_0/qemu_prompt_bench_20260427T234738Z.json,5,88,0,0
bench/results/bench_matrix_20260427T234738Z/ci-airgap-smoke_synthetic-smoke_Q8_0/qemu_prompt_bench_20260427T234738Z.json,6,88,0,0
bench/results/bench_matrix_20260427T234738Z/ci-airgap-smoke_synthetic-smoke_Q8_0/qemu_prompt_bench_latest.json,1,88,0,0
bench/results/bench_matrix_20260427T234738Z/ci-airgap-smoke_synthetic-smoke_Q8_0/qemu_prompt_bench_latest.json,2,88,0,0
bench/results/bench_matrix_20260427T234738Z/ci-airgap-smoke_synthetic-smoke_Q8_0/qemu_prompt_bench_latest.json,3,88,0,0
bench/results/bench_matrix_20260427T234738Z/ci-airgap-smoke_synthetic-smoke_Q8_0/qemu_prompt_bench_latest.json,4,88,0,0
bench/results/bench_matrix_20260427T234738Z/ci-airgap-smoke_synthetic-smoke_Q8_0/qemu_prompt_bench_latest.json,5,88,0,0
bench/results/bench_matrix_20260427T234738Z/ci-airgap-smoke_synthetic-smoke_Q8_0/qemu_prompt_bench_latest.json,6,88,0,0
bench/results/bench_matrix_20260428T000109Z/ci-airgap-smoke_synthetic-smoke_Q4_0/qemu_prompt_bench_20260428T000110Z.json,1,96,0,0
bench/results/bench_matrix_20260428T000109Z/ci-airgap-smoke_synthetic-smoke_Q4_0/qemu_prompt_bench_20260428T000110Z.json,2,96,0,0
bench/results/bench_matrix_20260428T000109Z/ci-airgap-smoke_synthetic-smoke_Q4_0/qemu_prompt_bench_20260428T000110Z.json,3,96,0,0
bench/results/bench_matrix_20260428T000109Z/ci-airgap-smoke_synthetic-smoke_Q4_0/qemu_prompt_bench_20260428T000110Z.json,4,96,0,0
bench/results/bench_matrix_20260428T000109Z/ci-airgap-smoke_synthetic-smoke_Q4_0/qemu_prompt_bench_20260428T000110Z.json,5,96,0,0
bench/results/bench_matrix_20260428T000109Z/ci-airgap-smoke_synthetic-smoke_Q4_0/qemu_prompt_bench_20260428T000110Z.json,6,96,0,0
bench/results/bench_matrix_20260428T000109Z/ci-airgap-smoke_synthetic-smoke_Q4_0/qemu_prompt_bench_latest.json,1,96,0,0
bench/results/bench_matrix_20260428T000109Z/ci-airgap-smoke_synthetic-smoke_Q4_0/qemu_prompt_bench_latest.json,2,96,0,0
bench/results/bench_matrix_20260428T000109Z/ci-airgap-smoke_synthetic-smoke_Q4_0/qemu_prompt_bench_latest.json,3,96,0,0
bench/results/bench_matrix_20260428T000109Z/ci-airgap-smoke_synthetic-smoke_Q4_0/qemu_prompt_bench_latest.json,4,96,0,0
bench/results/bench_matrix_20260428T000109Z/ci-airgap-smoke_synthetic-smoke_Q4_0/qemu_prompt_bench_latest.json,5,96,0,0
bench/results/bench_matrix_20260428T000109Z/ci-airgap-smoke_synthetic-smoke_Q4_0/qemu_prompt_bench_latest.json,6,96,0,0
bench/results/bench_matrix_20260428T000109Z/ci-airgap-smoke_synthetic-smoke_Q8_0/qemu_prompt_bench_20260428T000111Z.json,1,96,0,0
bench/results/bench_matrix_20260428T000109Z/ci-airgap-smoke_synthetic-smoke_Q8_0/qemu_prompt_bench_20260428T000111Z.json,2,96,0,0
bench/results/bench_matrix_20260428T000109Z/ci-airgap-smoke_synthetic-smoke_Q8_0/qemu_prompt_bench_20260428T000111Z.json,3,96,0,0
bench/results/bench_matrix_20260428T000109Z/ci-airgap-smoke_synthetic-smoke_Q8_0/qemu_prompt_bench_20260428T000111Z.json,4,96,0,0
bench/results/bench_matrix_20260428T000109Z/ci-airgap-smoke_synthetic-smoke_Q8_0/qemu_prompt_bench_20260428T000111Z.json,5,96,0,0
bench/results/bench_matrix_20260428T000109Z/ci-airgap-smoke_synthetic-smoke_Q8_0/qemu_prompt_bench_20260428T000111Z.json,6,96,0,0
bench/results/bench_matrix_20260428T000109Z/ci-airgap-smoke_synthetic-smoke_Q8_0/qemu_prompt_bench_latest.json,1,96,0,0
bench/results/bench_matrix_20260428T000109Z/ci-airgap-smoke_synthetic-smoke_Q8_0/qemu_prompt_bench_latest.json,2,96,0,0
bench/results/bench_matrix_20260428T000109Z/ci-airgap-smoke_synthetic-smoke_Q8_0/qemu_prompt_bench_latest.json,3,96,0,0
bench/results/bench_matrix_20260428T000109Z/ci-airgap-smoke_synthetic-smoke_Q8_0/qemu_prompt_bench_latest.json,4,96,0,0
bench/results/bench_matrix_20260428T000109Z/ci-airgap-smoke_synthetic-smoke_Q8_0/qemu_prompt_bench_latest.json,5,96,0,0
bench/results/bench_matrix_20260428T000109Z/ci-airgap-smoke_synthetic-smoke_Q8_0/qemu_prompt_bench_latest.json,6,96,0,0
bench/results/bench_matrix_20260428T023335Z/ci-airgap-smoke_synthetic-smoke_Q4_0/qemu_prompt_bench_20260428T023336Z.json,1,102,0,0
bench/results/bench_matrix_20260428T023335Z/ci-airgap-smoke_synthetic-smoke_Q4_0/qemu_prompt_bench_20260428T023336Z.json,2,102,0,0
bench/results/bench_matrix_20260428T023335Z/ci-airgap-smoke_synthetic-smoke_Q4_0/qemu_prompt_bench_20260428T023336Z.json,3,102,0,0
bench/results/bench_matrix_20260428T023335Z/ci-airgap-smoke_synthetic-smoke_Q4_0/qemu_prompt_bench_20260428T023336Z.json,4,102,0,0
bench/results/bench_matrix_20260428T023335Z/ci-airgap-smoke_synthetic-smoke_Q4_0/qemu_prompt_bench_20260428T023336Z.json,5,102,0,0
bench/results/bench_matrix_20260428T023335Z/ci-airgap-smoke_synthetic-smoke_Q4_0/qemu_prompt_bench_20260428T023336Z.json,6,102,0,0
bench/results/bench_matrix_20260428T023335Z/ci-airgap-smoke_synthetic-smoke_Q4_0/qemu_prompt_bench_latest.json,1,102,0,0
bench/results/bench_matrix_20260428T023335Z/ci-airgap-smoke_synthetic-smoke_Q4_0/qemu_prompt_bench_latest.json,2,102,0,0
bench/results/bench_matrix_20260428T023335Z/ci-airgap-smoke_synthetic-smoke_Q4_0/qemu_prompt_bench_latest.json,3,102,0,0
bench/results/bench_matrix_20260428T023335Z/ci-airgap-smoke_synthetic-smoke_Q4_0/qemu_prompt_bench_latest.json,4,102,0,0
bench/results/bench_matrix_20260428T023335Z/ci-airgap-smoke_synthetic-smoke_Q4_0/qemu_prompt_bench_latest.json,5,102,0,0
bench/results/bench_matrix_20260428T023335Z/ci-airgap-smoke_synthetic-smoke_Q4_0/qemu_prompt_bench_latest.json,6,102,0,0
bench/results/bench_matrix_20260428T023335Z/ci-airgap-smoke_synthetic-smoke_Q8_0/qemu_prompt_bench_20260428T023337Z.json,1,102,0,0
bench/results/bench_matrix_20260428T023335Z/ci-airgap-smoke_synthetic-smoke_Q8_0/qemu_prompt_bench_20260428T023337Z.json,2,102,0,0
bench/results/bench_matrix_20260428T023335Z/ci-airgap-smoke_synthetic-smoke_Q8_0/qemu_prompt_bench_20260428T023337Z.json,3,102,0,0
bench/results/bench_matrix_20260428T023335Z/ci-airgap-smoke_synthetic-smoke_Q8_0/qemu_prompt_bench_20260428T023337Z.json,4,102,0,0
bench/results/bench_matrix_20260428T023335Z/ci-airgap-smoke_synthetic-smoke_Q8_0/qemu_prompt_bench_20260428T023337Z.json,5,102,0,0
bench/results/bench_matrix_20260428T023335Z/ci-airgap-smoke_synthetic-smoke_Q8_0/qemu_prompt_bench_20260428T023337Z.json,6,102,0,0
bench/results/bench_matrix_20260428T023335Z/ci-airgap-smoke_synthetic-smoke_Q8_0/qemu_prompt_bench_latest.json,1,102,0,0
bench/results/bench_matrix_20260428T023335Z/ci-airgap-smoke_synthetic-smoke_Q8_0/qemu_prompt_bench_latest.json,2,102,0,0
bench/results/bench_matrix_20260428T023335Z/ci-airgap-smoke_synthetic-smoke_Q8_0/qemu_prompt_bench_latest.json,3,102,0,0
bench/results/bench_matrix_20260428T023335Z/ci-airgap-smoke_synthetic-smoke_Q8_0/qemu_prompt_bench_latest.json,4,102,0,0
bench/results/bench_matrix_20260428T023335Z/ci-airgap-smoke_synthetic-smoke_Q8_0/qemu_prompt_bench_latest.json,5,102,0,0
bench/results/bench_matrix_20260428T023335Z/ci-airgap-smoke_synthetic-smoke_Q8_0/qemu_prompt_bench_latest.json,6,102,0,0
bench/results/bench_matrix_20260428T035157Z/ci-airgap-smoke_synthetic-smoke_Q4_0/qemu_prompt_bench_20260428T035203Z.json,1,113,0,0
bench/results/bench_matrix_20260428T035157Z/ci-airgap-smoke_synthetic-smoke_Q4_0/qemu_prompt_bench_20260428T035203Z.json,2,113,0,0
bench/results/bench_matrix_20260428T035157Z/ci-airgap-smoke_synthetic-smoke_Q4_0/qemu_prompt_bench_20260428T035203Z.json,3,113,0,0
bench/results/bench_matrix_20260428T035157Z/ci-airgap-smoke_synthetic-smoke_Q4_0/qemu_prompt_bench_20260428T035203Z.json,4,113,0,0
bench/results/bench_matrix_20260428T035157Z/ci-airgap-smoke_synthetic-smoke_Q4_0/qemu_prompt_bench_20260428T035203Z.json,5,113,0,0
bench/results/bench_matrix_20260428T035157Z/ci-airgap-smoke_synthetic-smoke_Q4_0/qemu_prompt_bench_20260428T035203Z.json,6,113,0,0
bench/results/bench_matrix_20260428T035157Z/ci-airgap-smoke_synthetic-smoke_Q4_0/qemu_prompt_bench_latest.json,1,113,0,0
bench/results/bench_matrix_20260428T035157Z/ci-airgap-smoke_synthetic-smoke_Q4_0/qemu_prompt_bench_latest.json,2,113,0,0
bench/results/bench_matrix_20260428T035157Z/ci-airgap-smoke_synthetic-smoke_Q4_0/qemu_prompt_bench_latest.json,3,113,0,0
bench/results/bench_matrix_20260428T035157Z/ci-airgap-smoke_synthetic-smoke_Q4_0/qemu_prompt_bench_latest.json,4,113,0,0
bench/results/bench_matrix_20260428T035157Z/ci-airgap-smoke_synthetic-smoke_Q4_0/qemu_prompt_bench_latest.json,5,113,0,0
bench/results/bench_matrix_20260428T035157Z/ci-airgap-smoke_synthetic-smoke_Q4_0/qemu_prompt_bench_latest.json,6,113,0,0
bench/results/bench_matrix_20260428T035157Z/ci-airgap-smoke_synthetic-smoke_Q8_0/qemu_prompt_bench_20260428T035204Z.json,1,113,0,0
bench/results/bench_matrix_20260428T035157Z/ci-airgap-smoke_synthetic-smoke_Q8_0/qemu_prompt_bench_20260428T035204Z.json,2,113,0,0
bench/results/bench_matrix_20260428T035157Z/ci-airgap-smoke_synthetic-smoke_Q8_0/qemu_prompt_bench_20260428T035204Z.json,3,113,0,0
bench/results/bench_matrix_20260428T035157Z/ci-airgap-smoke_synthetic-smoke_Q8_0/qemu_prompt_bench_20260428T035204Z.json,4,113,0,0
bench/results/bench_matrix_20260428T035157Z/ci-airgap-smoke_synthetic-smoke_Q8_0/qemu_prompt_bench_20260428T035204Z.json,5,113,0,0
bench/results/bench_matrix_20260428T035157Z/ci-airgap-smoke_synthetic-smoke_Q8_0/qemu_prompt_bench_20260428T035204Z.json,6,113,0,0
bench/results/bench_matrix_20260428T035157Z/ci-airgap-smoke_synthetic-smoke_Q8_0/qemu_prompt_bench_latest.json,1,113,0,0
bench/results/bench_matrix_20260428T035157Z/ci-airgap-smoke_synthetic-smoke_Q8_0/qemu_prompt_bench_latest.json,2,113,0,0
bench/results/bench_matrix_20260428T035157Z/ci-airgap-smoke_synthetic-smoke_Q8_0/qemu_prompt_bench_latest.json,3,113,0,0
bench/results/bench_matrix_20260428T035157Z/ci-airgap-smoke_synthetic-smoke_Q8_0/qemu_prompt_bench_latest.json,4,113,0,0
bench/results/bench_matrix_20260428T035157Z/ci-airgap-smoke_synthetic-smoke_Q8_0/qemu_prompt_bench_latest.json,5,113,0,0
bench/results/bench_matrix_20260428T035157Z/ci-airgap-smoke_synthetic-smoke_Q8_0/qemu_prompt_bench_latest.json,6,113,0,0
bench/results/bench_matrix_20260428T062013Z/ci-airgap-smoke_synthetic-smoke_Q4_0/qemu_prompt_bench_20260428T062014Z.json,1,130,0,0
bench/results/bench_matrix_20260428T062013Z/ci-airgap-smoke_synthetic-smoke_Q4_0/qemu_prompt_bench_20260428T062014Z.json,2,130,0,0
bench/results/bench_matrix_20260428T062013Z/ci-airgap-smoke_synthetic-smoke_Q4_0/qemu_prompt_bench_20260428T062014Z.json,3,130,0,0
bench/results/bench_matrix_20260428T062013Z/ci-airgap-smoke_synthetic-smoke_Q4_0/qemu_prompt_bench_20260428T062014Z.json,4,130,0,0
bench/results/bench_matrix_20260428T062013Z/ci-airgap-smoke_synthetic-smoke_Q4_0/qemu_prompt_bench_20260428T062014Z.json,5,130,0,0
bench/results/bench_matrix_20260428T062013Z/ci-airgap-smoke_synthetic-smoke_Q4_0/qemu_prompt_bench_20260428T062014Z.json,6,130,0,0
bench/results/bench_matrix_20260428T062013Z/ci-airgap-smoke_synthetic-smoke_Q4_0/qemu_prompt_bench_latest.json,1,130,0,0
bench/results/bench_matrix_20260428T062013Z/ci-airgap-smoke_synthetic-smoke_Q4_0/qemu_prompt_bench_latest.json,2,130,0,0
bench/results/bench_matrix_20260428T062013Z/ci-airgap-smoke_synthetic-smoke_Q4_0/qemu_prompt_bench_latest.json,3,130,0,0
bench/results/bench_matrix_20260428T062013Z/ci-airgap-smoke_synthetic-smoke_Q4_0/qemu_prompt_bench_latest.json,4,130,0,0
bench/results/bench_matrix_20260428T062013Z/ci-airgap-smoke_synthetic-smoke_Q4_0/qemu_prompt_bench_latest.json,5,130,0,0
bench/results/bench_matrix_20260428T062013Z/ci-airgap-smoke_synthetic-smoke_Q4_0/qemu_prompt_bench_latest.json,6,130,0,0
bench/results/bench_matrix_20260428T062013Z/ci-airgap-smoke_synthetic-smoke_Q8_0/qemu_prompt_bench_20260428T062015Z.json,1,130,0,0
bench/results/bench_matrix_20260428T062013Z/ci-airgap-smoke_synthetic-smoke_Q8_0/qemu_prompt_bench_20260428T062015Z.json,2,130,0,0
bench/results/bench_matrix_20260428T062013Z/ci-airgap-smoke_synthetic-smoke_Q8_0/qemu_prompt_bench_20260428T062015Z.json,3,130,0,0
bench/results/bench_matrix_20260428T062013Z/ci-airgap-smoke_synthetic-smoke_Q8_0/qemu_prompt_bench_20260428T062015Z.json,4,130,0,0
bench/results/bench_matrix_20260428T062013Z/ci-airgap-smoke_synthetic-smoke_Q8_0/qemu_prompt_bench_20260428T062015Z.json,5,130,0,0
bench/results/bench_matrix_20260428T062013Z/ci-airgap-smoke_synthetic-smoke_Q8_0/qemu_prompt_bench_20260428T062015Z.json,6,130,0,0
bench/results/bench_matrix_20260428T062013Z/ci-airgap-smoke_synthetic-smoke_Q8_0/qemu_prompt_bench_latest.json,1,130,0,0
bench/results/bench_matrix_20260428T062013Z/ci-airgap-smoke_synthetic-smoke_Q8_0/qemu_prompt_bench_latest.json,2,130,0,0
bench/results/bench_matrix_20260428T062013Z/ci-airgap-smoke_synthetic-smoke_Q8_0/qemu_prompt_bench_latest.json,3,130,0,0
bench/results/bench_matrix_20260428T062013Z/ci-airgap-smoke_synthetic-smoke_Q8_0/qemu_prompt_bench_latest.json,4,130,0,0
bench/results/bench_matrix_20260428T062013Z/ci-airgap-smoke_synthetic-smoke_Q8_0/qemu_prompt_bench_latest.json,5,130,0,0
bench/results/bench_matrix_20260428T062013Z/ci-airgap-smoke_synthetic-smoke_Q8_0/qemu_prompt_bench_latest.json,6,130,0,0
bench/results/bench_matrix_20260428T105611Z/ci-airgap-smoke_synthetic-smoke_Q4_0/qemu_prompt_bench_20260428T105613Z.json,1,136,0,0
bench/results/bench_matrix_20260428T105611Z/ci-airgap-smoke_synthetic-smoke_Q4_0/qemu_prompt_bench_20260428T105613Z.json,2,136,0,0
bench/results/bench_matrix_20260428T105611Z/ci-airgap-smoke_synthetic-smoke_Q4_0/qemu_prompt_bench_20260428T105613Z.json,3,136,0,0
bench/results/bench_matrix_20260428T105611Z/ci-airgap-smoke_synthetic-smoke_Q4_0/qemu_prompt_bench_20260428T105613Z.json,4,136,0,0
bench/results/bench_matrix_20260428T105611Z/ci-airgap-smoke_synthetic-smoke_Q4_0/qemu_prompt_bench_20260428T105613Z.json,5,136,0,0
bench/results/bench_matrix_20260428T105611Z/ci-airgap-smoke_synthetic-smoke_Q4_0/qemu_prompt_bench_20260428T105613Z.json,6,136,0,0
bench/results/bench_matrix_20260428T105611Z/ci-airgap-smoke_synthetic-smoke_Q4_0/qemu_prompt_bench_latest.json,1,136,0,0
bench/results/bench_matrix_20260428T105611Z/ci-airgap-smoke_synthetic-smoke_Q4_0/qemu_prompt_bench_latest.json,2,136,0,0
bench/results/bench_matrix_20260428T105611Z/ci-airgap-smoke_synthetic-smoke_Q4_0/qemu_prompt_bench_latest.json,3,136,0,0
bench/results/bench_matrix_20260428T105611Z/ci-airgap-smoke_synthetic-smoke_Q4_0/qemu_prompt_bench_latest.json,4,136,0,0
bench/results/bench_matrix_20260428T105611Z/ci-airgap-smoke_synthetic-smoke_Q4_0/qemu_prompt_bench_latest.json,5,136,0,0
bench/results/bench_matrix_20260428T105611Z/ci-airgap-smoke_synthetic-smoke_Q4_0/qemu_prompt_bench_latest.json,6,136,0,0
bench/results/bench_matrix_20260428T105611Z/ci-airgap-smoke_synthetic-smoke_Q8_0/qemu_prompt_bench_20260428T105614Z.json,1,136,0,0
bench/results/bench_matrix_20260428T105611Z/ci-airgap-smoke_synthetic-smoke_Q8_0/qemu_prompt_bench_20260428T105614Z.json,2,136,0,0
bench/results/bench_matrix_20260428T105611Z/ci-airgap-smoke_synthetic-smoke_Q8_0/qemu_prompt_bench_20260428T105614Z.json,3,136,0,0
bench/results/bench_matrix_20260428T105611Z/ci-airgap-smoke_synthetic-smoke_Q8_0/qemu_prompt_bench_20260428T105614Z.json,4,136,0,0
bench/results/bench_matrix_20260428T105611Z/ci-airgap-smoke_synthetic-smoke_Q8_0/qemu_prompt_bench_20260428T105614Z.json,5,136,0,0
bench/results/bench_matrix_20260428T105611Z/ci-airgap-smoke_synthetic-smoke_Q8_0/qemu_prompt_bench_20260428T105614Z.json,6,136,0,0
bench/results/bench_matrix_20260428T105611Z/ci-airgap-smoke_synthetic-smoke_Q8_0/qemu_prompt_bench_latest.json,1,136,0,0
bench/results/bench_matrix_20260428T105611Z/ci-airgap-smoke_synthetic-smoke_Q8_0/qemu_prompt_bench_latest.json,2,136,0,0
bench/results/bench_matrix_20260428T105611Z/ci-airgap-smoke_synthetic-smoke_Q8_0/qemu_prompt_bench_latest.json,3,136,0,0
bench/results/bench_matrix_20260428T105611Z/ci-airgap-smoke_synthetic-smoke_Q8_0/qemu_prompt_bench_latest.json,4,136,0,0
bench/results/bench_matrix_20260428T105611Z/ci-airgap-smoke_synthetic-smoke_Q8_0/qemu_prompt_bench_latest.json,5,136,0,0
bench/results/bench_matrix_20260428T105611Z/ci-airgap-smoke_synthetic-smoke_Q8_0/qemu_prompt_bench_latest.json,6,136,0,0
bench/results/bench_matrix_20260428T132709Z/ci-airgap-smoke_synthetic-smoke_Q4_0/qemu_prompt_bench_20260428T132718Z.json,1,148,0,0
bench/results/bench_matrix_20260428T132709Z/ci-airgap-smoke_synthetic-smoke_Q4_0/qemu_prompt_bench_20260428T132718Z.json,2,148,0,0
bench/results/bench_matrix_20260428T132709Z/ci-airgap-smoke_synthetic-smoke_Q4_0/qemu_prompt_bench_20260428T132718Z.json,3,148,0,0
bench/results/bench_matrix_20260428T132709Z/ci-airgap-smoke_synthetic-smoke_Q4_0/qemu_prompt_bench_20260428T132718Z.json,4,148,0,0
bench/results/bench_matrix_20260428T132709Z/ci-airgap-smoke_synthetic-smoke_Q4_0/qemu_prompt_bench_20260428T132718Z.json,5,148,0,0
bench/results/bench_matrix_20260428T132709Z/ci-airgap-smoke_synthetic-smoke_Q4_0/qemu_prompt_bench_20260428T132718Z.json,6,148,0,0
bench/results/bench_matrix_20260428T132709Z/ci-airgap-smoke_synthetic-smoke_Q4_0/qemu_prompt_bench_latest.json,1,148,0,0
bench/results/bench_matrix_20260428T132709Z/ci-airgap-smoke_synthetic-smoke_Q4_0/qemu_prompt_bench_latest.json,2,148,0,0
bench/results/bench_matrix_20260428T132709Z/ci-airgap-smoke_synthetic-smoke_Q4_0/qemu_prompt_bench_latest.json,3,148,0,0
bench/results/bench_matrix_20260428T132709Z/ci-airgap-smoke_synthetic-smoke_Q4_0/qemu_prompt_bench_latest.json,4,148,0,0
bench/results/bench_matrix_20260428T132709Z/ci-airgap-smoke_synthetic-smoke_Q4_0/qemu_prompt_bench_latest.json,5,148,0,0
bench/results/bench_matrix_20260428T132709Z/ci-airgap-smoke_synthetic-smoke_Q4_0/qemu_prompt_bench_latest.json,6,148,0,0
bench/results/bench_matrix_20260428T132709Z/ci-airgap-smoke_synthetic-smoke_Q8_0/qemu_prompt_bench_20260428T132724Z.json,1,148,0,0
bench/results/bench_matrix_20260428T132709Z/ci-airgap-smoke_synthetic-smoke_Q8_0/qemu_prompt_bench_20260428T132724Z.json,2,148,0,0
bench/results/bench_matrix_20260428T132709Z/ci-airgap-smoke_synthetic-smoke_Q8_0/qemu_prompt_bench_20260428T132724Z.json,3,148,0,0
bench/results/bench_matrix_20260428T132709Z/ci-airgap-smoke_synthetic-smoke_Q8_0/qemu_prompt_bench_20260428T132724Z.json,4,148,0,0
bench/results/bench_matrix_20260428T132709Z/ci-airgap-smoke_synthetic-smoke_Q8_0/qemu_prompt_bench_20260428T132724Z.json,5,148,0,0
bench/results/bench_matrix_20260428T132709Z/ci-airgap-smoke_synthetic-smoke_Q8_0/qemu_prompt_bench_20260428T132724Z.json,6,148,0,0
bench/results/bench_matrix_20260428T132709Z/ci-airgap-smoke_synthetic-smoke_Q8_0/qemu_prompt_bench_latest.json,1,148,0,0
bench/results/bench_matrix_20260428T132709Z/ci-airgap-smoke_synthetic-smoke_Q8_0/qemu_prompt_bench_latest.json,2,148,0,0
bench/results/bench_matrix_20260428T132709Z/ci-airgap-smoke_synthetic-smoke_Q8_0/qemu_prompt_bench_latest.json,3,148,0,0
bench/results/bench_matrix_20260428T132709Z/ci-airgap-smoke_synthetic-smoke_Q8_0/qemu_prompt_bench_latest.json,4,148,0,0
bench/results/bench_matrix_20260428T132709Z/ci-airgap-smoke_synthetic-smoke_Q8_0/qemu_prompt_bench_latest.json,5,148,0,0
bench/results/bench_matrix_20260428T132709Z/ci-airgap-smoke_synthetic-smoke_Q8_0/qemu_prompt_bench_latest.json,6,148,0,0
bench/results/bench_matrix_20260428T133552Z/ci-airgap-smoke_synthetic-smoke_Q4_0/qemu_prompt_bench_20260428T133553Z.json,1,149,0,0
bench/results/bench_matrix_20260428T133552Z/ci-airgap-smoke_synthetic-smoke_Q4_0/qemu_prompt_bench_20260428T133553Z.json,2,149,0,0
bench/results/bench_matrix_20260428T133552Z/ci-airgap-smoke_synthetic-smoke_Q4_0/qemu_prompt_bench_20260428T133553Z.json,3,149,0,0
bench/results/bench_matrix_20260428T133552Z/ci-airgap-smoke_synthetic-smoke_Q4_0/qemu_prompt_bench_20260428T133553Z.json,4,149,0,0
bench/results/bench_matrix_20260428T133552Z/ci-airgap-smoke_synthetic-smoke_Q4_0/qemu_prompt_bench_20260428T133553Z.json,5,149,0,0
bench/results/bench_matrix_20260428T133552Z/ci-airgap-smoke_synthetic-smoke_Q4_0/qemu_prompt_bench_20260428T133553Z.json,6,149,0,0
bench/results/bench_matrix_20260428T133552Z/ci-airgap-smoke_synthetic-smoke_Q4_0/qemu_prompt_bench_latest.json,1,149,0,0
bench/results/bench_matrix_20260428T133552Z/ci-airgap-smoke_synthetic-smoke_Q4_0/qemu_prompt_bench_latest.json,2,149,0,0
bench/results/bench_matrix_20260428T133552Z/ci-airgap-smoke_synthetic-smoke_Q4_0/qemu_prompt_bench_latest.json,3,149,0,0
bench/results/bench_matrix_20260428T133552Z/ci-airgap-smoke_synthetic-smoke_Q4_0/qemu_prompt_bench_latest.json,4,149,0,0
bench/results/bench_matrix_20260428T133552Z/ci-airgap-smoke_synthetic-smoke_Q4_0/qemu_prompt_bench_latest.json,5,149,0,0
bench/results/bench_matrix_20260428T133552Z/ci-airgap-smoke_synthetic-smoke_Q4_0/qemu_prompt_bench_latest.json,6,149,0,0
bench/results/bench_matrix_20260428T133552Z/ci-airgap-smoke_synthetic-smoke_Q8_0/qemu_prompt_bench_20260428T133554Z.json,1,149,0,0
bench/results/bench_matrix_20260428T133552Z/ci-airgap-smoke_synthetic-smoke_Q8_0/qemu_prompt_bench_20260428T133554Z.json,2,149,0,0
bench/results/bench_matrix_20260428T133552Z/ci-airgap-smoke_synthetic-smoke_Q8_0/qemu_prompt_bench_20260428T133554Z.json,3,149,0,0
bench/results/bench_matrix_20260428T133552Z/ci-airgap-smoke_synthetic-smoke_Q8_0/qemu_prompt_bench_20260428T133554Z.json,4,149,0,0
bench/results/bench_matrix_20260428T133552Z/ci-airgap-smoke_synthetic-smoke_Q8_0/qemu_prompt_bench_20260428T133554Z.json,5,149,0,0
bench/results/bench_matrix_20260428T133552Z/ci-airgap-smoke_synthetic-smoke_Q8_0/qemu_prompt_bench_20260428T133554Z.json,6,149,0,0
bench/results/bench_matrix_20260428T133552Z/ci-airgap-smoke_synthetic-smoke_Q8_0/qemu_prompt_bench_latest.json,1,149,0,0
bench/results/bench_matrix_20260428T133552Z/ci-airgap-smoke_synthetic-smoke_Q8_0/qemu_prompt_bench_latest.json,2,149,0,0
bench/results/bench_matrix_20260428T133552Z/ci-airgap-smoke_synthetic-smoke_Q8_0/qemu_prompt_bench_latest.json,3,149,0,0
bench/results/bench_matrix_20260428T133552Z/ci-airgap-smoke_synthetic-smoke_Q8_0/qemu_prompt_bench_latest.json,4,149,0,0
bench/results/bench_matrix_20260428T133552Z/ci-airgap-smoke_synthetic-smoke_Q8_0/qemu_prompt_bench_latest.json,5,149,0,0
bench/results/bench_matrix_20260428T133552Z/ci-airgap-smoke_synthetic-smoke_Q8_0/qemu_prompt_bench_latest.json,6,149,0,0
bench/results/bench_matrix_20260428T143936Z/ci-airgap-smoke_synthetic-smoke_Q4_0/qemu_prompt_bench_20260428T143938Z.json,1,157,0,0
bench/results/bench_matrix_20260428T143936Z/ci-airgap-smoke_synthetic-smoke_Q4_0/qemu_prompt_bench_20260428T143938Z.json,2,157,0,0
bench/results/bench_matrix_20260428T143936Z/ci-airgap-smoke_synthetic-smoke_Q4_0/qemu_prompt_bench_20260428T143938Z.json,3,157,0,0
bench/results/bench_matrix_20260428T143936Z/ci-airgap-smoke_synthetic-smoke_Q4_0/qemu_prompt_bench_20260428T143938Z.json,4,157,0,0
bench/results/bench_matrix_20260428T143936Z/ci-airgap-smoke_synthetic-smoke_Q4_0/qemu_prompt_bench_20260428T143938Z.json,5,157,0,0
bench/results/bench_matrix_20260428T143936Z/ci-airgap-smoke_synthetic-smoke_Q4_0/qemu_prompt_bench_20260428T143938Z.json,6,157,0,0
bench/results/bench_matrix_20260428T143936Z/ci-airgap-smoke_synthetic-smoke_Q4_0/qemu_prompt_bench_latest.json,1,157,0,0
bench/results/bench_matrix_20260428T143936Z/ci-airgap-smoke_synthetic-smoke_Q4_0/qemu_prompt_bench_latest.json,2,157,0,0
bench/results/bench_matrix_20260428T143936Z/ci-airgap-smoke_synthetic-smoke_Q4_0/qemu_prompt_bench_latest.json,3,157,0,0
bench/results/bench_matrix_20260428T143936Z/ci-airgap-smoke_synthetic-smoke_Q4_0/qemu_prompt_bench_latest.json,4,157,0,0
bench/results/bench_matrix_20260428T143936Z/ci-airgap-smoke_synthetic-smoke_Q4_0/qemu_prompt_bench_latest.json,5,157,0,0
bench/results/bench_matrix_20260428T143936Z/ci-airgap-smoke_synthetic-smoke_Q4_0/qemu_prompt_bench_latest.json,6,157,0,0
bench/results/bench_matrix_20260428T143936Z/ci-airgap-smoke_synthetic-smoke_Q8_0/qemu_prompt_bench_20260428T143940Z.json,1,157,0,0
bench/results/bench_matrix_20260428T143936Z/ci-airgap-smoke_synthetic-smoke_Q8_0/qemu_prompt_bench_20260428T143940Z.json,2,157,0,0
bench/results/bench_matrix_20260428T143936Z/ci-airgap-smoke_synthetic-smoke_Q8_0/qemu_prompt_bench_20260428T143940Z.json,3,157,0,0
bench/results/bench_matrix_20260428T143936Z/ci-airgap-smoke_synthetic-smoke_Q8_0/qemu_prompt_bench_20260428T143940Z.json,4,157,0,0
bench/results/bench_matrix_20260428T143936Z/ci-airgap-smoke_synthetic-smoke_Q8_0/qemu_prompt_bench_20260428T143940Z.json,5,157,0,0
bench/results/bench_matrix_20260428T143936Z/ci-airgap-smoke_synthetic-smoke_Q8_0/qemu_prompt_bench_20260428T143940Z.json,6,157,0,0
bench/results/bench_matrix_20260428T143936Z/ci-airgap-smoke_synthetic-smoke_Q8_0/qemu_prompt_bench_latest.json,1,157,0,0
bench/results/bench_matrix_20260428T143936Z/ci-airgap-smoke_synthetic-smoke_Q8_0/qemu_prompt_bench_latest.json,2,157,0,0
bench/results/bench_matrix_20260428T143936Z/ci-airgap-smoke_synthetic-smoke_Q8_0/qemu_prompt_bench_latest.json,3,157,0,0
bench/results/bench_matrix_20260428T143936Z/ci-airgap-smoke_synthetic-smoke_Q8_0/qemu_prompt_bench_latest.json,4,157,0,0
bench/results/bench_matrix_20260428T143936Z/ci-airgap-smoke_synthetic-smoke_Q8_0/qemu_prompt_bench_latest.json,5,157,0,0
bench/results/bench_matrix_20260428T143936Z/ci-airgap-smoke_synthetic-smoke_Q8_0/qemu_prompt_bench_latest.json,6,157,0,0
bench/results/bench_matrix_20260428T144908Z/ci-airgap-smoke_synthetic-smoke_Q4_0/qemu_prompt_bench_20260428T144909Z.json,1,158,0,0
bench/results/bench_matrix_20260428T144908Z/ci-airgap-smoke_synthetic-smoke_Q4_0/qemu_prompt_bench_20260428T144909Z.json,2,158,0,0
bench/results/bench_matrix_20260428T144908Z/ci-airgap-smoke_synthetic-smoke_Q4_0/qemu_prompt_bench_20260428T144909Z.json,3,158,0,0
bench/results/bench_matrix_20260428T144908Z/ci-airgap-smoke_synthetic-smoke_Q4_0/qemu_prompt_bench_20260428T144909Z.json,4,158,0,0
bench/results/bench_matrix_20260428T144908Z/ci-airgap-smoke_synthetic-smoke_Q4_0/qemu_prompt_bench_20260428T144909Z.json,5,158,0,0
bench/results/bench_matrix_20260428T144908Z/ci-airgap-smoke_synthetic-smoke_Q4_0/qemu_prompt_bench_20260428T144909Z.json,6,158,0,0
bench/results/bench_matrix_20260428T144908Z/ci-airgap-smoke_synthetic-smoke_Q4_0/qemu_prompt_bench_latest.json,1,158,0,0
bench/results/bench_matrix_20260428T144908Z/ci-airgap-smoke_synthetic-smoke_Q4_0/qemu_prompt_bench_latest.json,2,158,0,0
bench/results/bench_matrix_20260428T144908Z/ci-airgap-smoke_synthetic-smoke_Q4_0/qemu_prompt_bench_latest.json,3,158,0,0
bench/results/bench_matrix_20260428T144908Z/ci-airgap-smoke_synthetic-smoke_Q4_0/qemu_prompt_bench_latest.json,4,158,0,0
bench/results/bench_matrix_20260428T144908Z/ci-airgap-smoke_synthetic-smoke_Q4_0/qemu_prompt_bench_latest.json,5,158,0,0
bench/results/bench_matrix_20260428T144908Z/ci-airgap-smoke_synthetic-smoke_Q4_0/qemu_prompt_bench_latest.json,6,158,0,0
bench/results/bench_matrix_20260428T144908Z/ci-airgap-smoke_synthetic-smoke_Q8_0/qemu_prompt_bench_20260428T144909Z.json,1,158,0,0
bench/results/bench_matrix_20260428T144908Z/ci-airgap-smoke_synthetic-smoke_Q8_0/qemu_prompt_bench_20260428T144909Z.json,2,158,0,0
bench/results/bench_matrix_20260428T144908Z/ci-airgap-smoke_synthetic-smoke_Q8_0/qemu_prompt_bench_20260428T144909Z.json,3,158,0,0
bench/results/bench_matrix_20260428T144908Z/ci-airgap-smoke_synthetic-smoke_Q8_0/qemu_prompt_bench_20260428T144909Z.json,4,158,0,0
bench/results/bench_matrix_20260428T144908Z/ci-airgap-smoke_synthetic-smoke_Q8_0/qemu_prompt_bench_20260428T144909Z.json,5,158,0,0
bench/results/bench_matrix_20260428T144908Z/ci-airgap-smoke_synthetic-smoke_Q8_0/qemu_prompt_bench_20260428T144909Z.json,6,158,0,0
bench/results/bench_matrix_20260428T144908Z/ci-airgap-smoke_synthetic-smoke_Q8_0/qemu_prompt_bench_latest.json,1,158,0,0
bench/results/bench_matrix_20260428T144908Z/ci-airgap-smoke_synthetic-smoke_Q8_0/qemu_prompt_bench_latest.json,2,158,0,0
bench/results/bench_matrix_20260428T144908Z/ci-airgap-smoke_synthetic-smoke_Q8_0/qemu_prompt_bench_latest.json,3,158,0,0
bench/results/bench_matrix_20260428T144908Z/ci-airgap-smoke_synthetic-smoke_Q8_0/qemu_prompt_bench_latest.json,4,158,0,0
bench/results/bench_matrix_20260428T144908Z/ci-airgap-smoke_synthetic-smoke_Q8_0/qemu_prompt_bench_latest.json,5,158,0,0
bench/results/bench_matrix_20260428T144908Z/ci-airgap-smoke_synthetic-smoke_Q8_0/qemu_prompt_bench_latest.json,6,158,0,0
bench/results/bench_matrix_20260428T150609Z/ci-airgap-smoke_synthetic-smoke_Q4_0/qemu_prompt_bench_20260428T150611Z.json,1,157,0,0
bench/results/bench_matrix_20260428T150609Z/ci-airgap-smoke_synthetic-smoke_Q4_0/qemu_prompt_bench_20260428T150611Z.json,2,157,0,0
bench/results/bench_matrix_20260428T150609Z/ci-airgap-smoke_synthetic-smoke_Q4_0/qemu_prompt_bench_20260428T150611Z.json,3,157,0,0
bench/results/bench_matrix_20260428T150609Z/ci-airgap-smoke_synthetic-smoke_Q4_0/qemu_prompt_bench_20260428T150611Z.json,4,157,0,0
bench/results/bench_matrix_20260428T150609Z/ci-airgap-smoke_synthetic-smoke_Q4_0/qemu_prompt_bench_20260428T150611Z.json,5,157,0,0
bench/results/bench_matrix_20260428T150609Z/ci-airgap-smoke_synthetic-smoke_Q4_0/qemu_prompt_bench_20260428T150611Z.json,6,157,0,0
bench/results/bench_matrix_20260428T150609Z/ci-airgap-smoke_synthetic-smoke_Q4_0/qemu_prompt_bench_latest.json,1,157,0,0
bench/results/bench_matrix_20260428T150609Z/ci-airgap-smoke_synthetic-smoke_Q4_0/qemu_prompt_bench_latest.json,2,157,0,0
bench/results/bench_matrix_20260428T150609Z/ci-airgap-smoke_synthetic-smoke_Q4_0/qemu_prompt_bench_latest.json,3,157,0,0
bench/results/bench_matrix_20260428T150609Z/ci-airgap-smoke_synthetic-smoke_Q4_0/qemu_prompt_bench_latest.json,4,157,0,0
bench/results/bench_matrix_20260428T150609Z/ci-airgap-smoke_synthetic-smoke_Q4_0/qemu_prompt_bench_latest.json,5,157,0,0
bench/results/bench_matrix_20260428T150609Z/ci-airgap-smoke_synthetic-smoke_Q4_0/qemu_prompt_bench_latest.json,6,157,0,0
bench/results/bench_matrix_20260428T150609Z/ci-airgap-smoke_synthetic-smoke_Q8_0/qemu_prompt_bench_20260428T150613Z.json,1,157,0,0
bench/results/bench_matrix_20260428T150609Z/ci-airgap-smoke_synthetic-smoke_Q8_0/qemu_prompt_bench_20260428T150613Z.json,2,157,0,0
bench/results/bench_matrix_20260428T150609Z/ci-airgap-smoke_synthetic-smoke_Q8_0/qemu_prompt_bench_20260428T150613Z.json,3,157,0,0
bench/results/bench_matrix_20260428T150609Z/ci-airgap-smoke_synthetic-smoke_Q8_0/qemu_prompt_bench_20260428T150613Z.json,4,157,0,0
bench/results/bench_matrix_20260428T150609Z/ci-airgap-smoke_synthetic-smoke_Q8_0/qemu_prompt_bench_20260428T150613Z.json,5,157,0,0
bench/results/bench_matrix_20260428T150609Z/ci-airgap-smoke_synthetic-smoke_Q8_0/qemu_prompt_bench_20260428T150613Z.json,6,157,0,0
bench/results/bench_matrix_20260428T150609Z/ci-airgap-smoke_synthetic-smoke_Q8_0/qemu_prompt_bench_latest.json,1,157,0,0
bench/results/bench_matrix_20260428T150609Z/ci-airgap-smoke_synthetic-smoke_Q8_0/qemu_prompt_bench_latest.json,2,157,0,0
bench/results/bench_matrix_20260428T150609Z/ci-airgap-smoke_synthetic-smoke_Q8_0/qemu_prompt_bench_latest.json,3,157,0,0
bench/results/bench_matrix_20260428T150609Z/ci-airgap-smoke_synthetic-smoke_Q8_0/qemu_prompt_bench_latest.json,4,157,0,0
bench/results/bench_matrix_20260428T150609Z/ci-airgap-smoke_synthetic-smoke_Q8_0/qemu_prompt_bench_latest.json,5,157,0,0
bench/results/bench_matrix_20260428T150609Z/ci-airgap-smoke_synthetic-smoke_Q8_0/qemu_prompt_bench_latest.json,6,157,0,0
bench/results/bench_matrix_20260428T152031Z/ci-airgap-smoke_synthetic-smoke_Q4_0/qemu_prompt_bench_20260428T152031Z.json,1,157,0,0
bench/results/bench_matrix_20260428T152031Z/ci-airgap-smoke_synthetic-smoke_Q4_0/qemu_prompt_bench_20260428T152031Z.json,2,157,0,0
bench/results/bench_matrix_20260428T152031Z/ci-airgap-smoke_synthetic-smoke_Q4_0/qemu_prompt_bench_20260428T152031Z.json,3,157,0,0
bench/results/bench_matrix_20260428T152031Z/ci-airgap-smoke_synthetic-smoke_Q4_0/qemu_prompt_bench_20260428T152031Z.json,4,157,0,0
bench/results/bench_matrix_20260428T152031Z/ci-airgap-smoke_synthetic-smoke_Q4_0/qemu_prompt_bench_20260428T152031Z.json,5,157,0,0
bench/results/bench_matrix_20260428T152031Z/ci-airgap-smoke_synthetic-smoke_Q4_0/qemu_prompt_bench_20260428T152031Z.json,6,157,0,0
bench/results/bench_matrix_20260428T152031Z/ci-airgap-smoke_synthetic-smoke_Q4_0/qemu_prompt_bench_latest.json,1,157,0,0
bench/results/bench_matrix_20260428T152031Z/ci-airgap-smoke_synthetic-smoke_Q4_0/qemu_prompt_bench_latest.json,2,157,0,0
bench/results/bench_matrix_20260428T152031Z/ci-airgap-smoke_synthetic-smoke_Q4_0/qemu_prompt_bench_latest.json,3,157,0,0
bench/results/bench_matrix_20260428T152031Z/ci-airgap-smoke_synthetic-smoke_Q4_0/qemu_prompt_bench_latest.json,4,157,0,0
bench/results/bench_matrix_20260428T152031Z/ci-airgap-smoke_synthetic-smoke_Q4_0/qemu_prompt_bench_latest.json,5,157,0,0
bench/results/bench_matrix_20260428T152031Z/ci-airgap-smoke_synthetic-smoke_Q4_0/qemu_prompt_bench_latest.json,6,157,0,0
bench/results/bench_matrix_20260428T152031Z/ci-airgap-smoke_synthetic-smoke_Q8_0/qemu_prompt_bench_20260428T152032Z.json,1,157,0,0
bench/results/bench_matrix_20260428T152031Z/ci-airgap-smoke_synthetic-smoke_Q8_0/qemu_prompt_bench_20260428T152032Z.json,2,157,0,0
bench/results/bench_matrix_20260428T152031Z/ci-airgap-smoke_synthetic-smoke_Q8_0/qemu_prompt_bench_20260428T152032Z.json,3,157,0,0
bench/results/bench_matrix_20260428T152031Z/ci-airgap-smoke_synthetic-smoke_Q8_0/qemu_prompt_bench_20260428T152032Z.json,4,157,0,0
bench/results/bench_matrix_20260428T152031Z/ci-airgap-smoke_synthetic-smoke_Q8_0/qemu_prompt_bench_20260428T152032Z.json,5,157,0,0
bench/results/bench_matrix_20260428T152031Z/ci-airgap-smoke_synthetic-smoke_Q8_0/qemu_prompt_bench_20260428T152032Z.json,6,157,0,0
bench/results/bench_matrix_20260428T152031Z/ci-airgap-smoke_synthetic-smoke_Q8_0/qemu_prompt_bench_latest.json,1,157,0,0
bench/results/bench_matrix_20260428T152031Z/ci-airgap-smoke_synthetic-smoke_Q8_0/qemu_prompt_bench_latest.json,2,157,0,0
bench/results/bench_matrix_20260428T152031Z/ci-airgap-smoke_synthetic-smoke_Q8_0/qemu_prompt_bench_latest.json,3,157,0,0
bench/results/bench_matrix_20260428T152031Z/ci-airgap-smoke_synthetic-smoke_Q8_0/qemu_prompt_bench_latest.json,4,157,0,0
bench/results/bench_matrix_20260428T152031Z/ci-airgap-smoke_synthetic-smoke_Q8_0/qemu_prompt_bench_latest.json,5,157,0,0
bench/results/bench_matrix_20260428T152031Z/ci-airgap-smoke_synthetic-smoke_Q8_0/qemu_prompt_bench_latest.json,6,157,0,0
bench/results/bench_matrix_20260428T172755Z/ci-airgap-smoke_synthetic-smoke_Q4_0/qemu_prompt_bench_20260428T172755Z.json,1,161,0,0
bench/results/bench_matrix_20260428T172755Z/ci-airgap-smoke_synthetic-smoke_Q4_0/qemu_prompt_bench_20260428T172755Z.json,2,161,0,0
bench/results/bench_matrix_20260428T172755Z/ci-airgap-smoke_synthetic-smoke_Q4_0/qemu_prompt_bench_20260428T172755Z.json,3,161,0,0
bench/results/bench_matrix_20260428T172755Z/ci-airgap-smoke_synthetic-smoke_Q4_0/qemu_prompt_bench_20260428T172755Z.json,4,161,0,0
bench/results/bench_matrix_20260428T172755Z/ci-airgap-smoke_synthetic-smoke_Q4_0/qemu_prompt_bench_20260428T172755Z.json,5,161,0,0
bench/results/bench_matrix_20260428T172755Z/ci-airgap-smoke_synthetic-smoke_Q4_0/qemu_prompt_bench_20260428T172755Z.json,6,161,0,0
bench/results/bench_matrix_20260428T172755Z/ci-airgap-smoke_synthetic-smoke_Q4_0/qemu_prompt_bench_latest.json,1,161,0,0
bench/results/bench_matrix_20260428T172755Z/ci-airgap-smoke_synthetic-smoke_Q4_0/qemu_prompt_bench_latest.json,2,161,0,0
bench/results/bench_matrix_20260428T172755Z/ci-airgap-smoke_synthetic-smoke_Q4_0/qemu_prompt_bench_latest.json,3,161,0,0
bench/results/bench_matrix_20260428T172755Z/ci-airgap-smoke_synthetic-smoke_Q4_0/qemu_prompt_bench_latest.json,4,161,0,0
bench/results/bench_matrix_20260428T172755Z/ci-airgap-smoke_synthetic-smoke_Q4_0/qemu_prompt_bench_latest.json,5,161,0,0
bench/results/bench_matrix_20260428T172755Z/ci-airgap-smoke_synthetic-smoke_Q4_0/qemu_prompt_bench_latest.json,6,161,0,0
bench/results/bench_matrix_20260428T172755Z/ci-airgap-smoke_synthetic-smoke_Q8_0/qemu_prompt_bench_20260428T172756Z.json,1,161,0,0
bench/results/bench_matrix_20260428T172755Z/ci-airgap-smoke_synthetic-smoke_Q8_0/qemu_prompt_bench_20260428T172756Z.json,2,161,0,0
bench/results/bench_matrix_20260428T172755Z/ci-airgap-smoke_synthetic-smoke_Q8_0/qemu_prompt_bench_20260428T172756Z.json,3,161,0,0
bench/results/bench_matrix_20260428T172755Z/ci-airgap-smoke_synthetic-smoke_Q8_0/qemu_prompt_bench_20260428T172756Z.json,4,161,0,0
bench/results/bench_matrix_20260428T172755Z/ci-airgap-smoke_synthetic-smoke_Q8_0/qemu_prompt_bench_20260428T172756Z.json,5,161,0,0
bench/results/bench_matrix_20260428T172755Z/ci-airgap-smoke_synthetic-smoke_Q8_0/qemu_prompt_bench_20260428T172756Z.json,6,161,0,0
bench/results/bench_matrix_20260428T172755Z/ci-airgap-smoke_synthetic-smoke_Q8_0/qemu_prompt_bench_latest.json,1,161,0,0
bench/results/bench_matrix_20260428T172755Z/ci-airgap-smoke_synthetic-smoke_Q8_0/qemu_prompt_bench_latest.json,2,161,0,0
bench/results/bench_matrix_20260428T172755Z/ci-airgap-smoke_synthetic-smoke_Q8_0/qemu_prompt_bench_latest.json,3,161,0,0
bench/results/bench_matrix_20260428T172755Z/ci-airgap-smoke_synthetic-smoke_Q8_0/qemu_prompt_bench_latest.json,4,161,0,0
bench/results/bench_matrix_20260428T172755Z/ci-airgap-smoke_synthetic-smoke_Q8_0/qemu_prompt_bench_latest.json,5,161,0,0
bench/results/bench_matrix_20260428T172755Z/ci-airgap-smoke_synthetic-smoke_Q8_0/qemu_prompt_bench_latest.json,6,161,0,0
bench/results/bench_matrix_20260428T200733Z/ci-airgap-smoke_synthetic-smoke_Q4_0/qemu_prompt_bench_20260428T200733Z.json,1,166,0,0
bench/results/bench_matrix_20260428T200733Z/ci-airgap-smoke_synthetic-smoke_Q4_0/qemu_prompt_bench_20260428T200733Z.json,2,166,0,0
bench/results/bench_matrix_20260428T200733Z/ci-airgap-smoke_synthetic-smoke_Q4_0/qemu_prompt_bench_20260428T200733Z.json,3,166,0,0
bench/results/bench_matrix_20260428T200733Z/ci-airgap-smoke_synthetic-smoke_Q4_0/qemu_prompt_bench_20260428T200733Z.json,4,166,0,0
bench/results/bench_matrix_20260428T200733Z/ci-airgap-smoke_synthetic-smoke_Q4_0/qemu_prompt_bench_20260428T200733Z.json,5,166,0,0
bench/results/bench_matrix_20260428T200733Z/ci-airgap-smoke_synthetic-smoke_Q4_0/qemu_prompt_bench_20260428T200733Z.json,6,166,0,0
bench/results/bench_matrix_20260428T200733Z/ci-airgap-smoke_synthetic-smoke_Q4_0/qemu_prompt_bench_latest.json,1,166,0,0
bench/results/bench_matrix_20260428T200733Z/ci-airgap-smoke_synthetic-smoke_Q4_0/qemu_prompt_bench_latest.json,2,166,0,0
bench/results/bench_matrix_20260428T200733Z/ci-airgap-smoke_synthetic-smoke_Q4_0/qemu_prompt_bench_latest.json,3,166,0,0
bench/results/bench_matrix_20260428T200733Z/ci-airgap-smoke_synthetic-smoke_Q4_0/qemu_prompt_bench_latest.json,4,166,0,0
bench/results/bench_matrix_20260428T200733Z/ci-airgap-smoke_synthetic-smoke_Q4_0/qemu_prompt_bench_latest.json,5,166,0,0
bench/results/bench_matrix_20260428T200733Z/ci-airgap-smoke_synthetic-smoke_Q4_0/qemu_prompt_bench_latest.json,6,166,0,0
bench/results/bench_matrix_20260428T200733Z/ci-airgap-smoke_synthetic-smoke_Q8_0/qemu_prompt_bench_20260428T200733Z.json,1,166,0,0
bench/results/bench_matrix_20260428T200733Z/ci-airgap-smoke_synthetic-smoke_Q8_0/qemu_prompt_bench_20260428T200733Z.json,2,166,0,0
bench/results/bench_matrix_20260428T200733Z/ci-airgap-smoke_synthetic-smoke_Q8_0/qemu_prompt_bench_20260428T200733Z.json,3,166,0,0
bench/results/bench_matrix_20260428T200733Z/ci-airgap-smoke_synthetic-smoke_Q8_0/qemu_prompt_bench_20260428T200733Z.json,4,166,0,0
bench/results/bench_matrix_20260428T200733Z/ci-airgap-smoke_synthetic-smoke_Q8_0/qemu_prompt_bench_20260428T200733Z.json,5,166,0,0
bench/results/bench_matrix_20260428T200733Z/ci-airgap-smoke_synthetic-smoke_Q8_0/qemu_prompt_bench_20260428T200733Z.json,6,166,0,0
bench/results/bench_matrix_20260428T200733Z/ci-airgap-smoke_synthetic-smoke_Q8_0/qemu_prompt_bench_latest.json,1,166,0,0
bench/results/bench_matrix_20260428T200733Z/ci-airgap-smoke_synthetic-smoke_Q8_0/qemu_prompt_bench_latest.json,2,166,0,0
bench/results/bench_matrix_20260428T200733Z/ci-airgap-smoke_synthetic-smoke_Q8_0/qemu_prompt_bench_latest.json,3,166,0,0
bench/results/bench_matrix_20260428T200733Z/ci-airgap-smoke_synthetic-smoke_Q8_0/qemu_prompt_bench_latest.json,4,166,0,0
bench/results/bench_matrix_20260428T200733Z/ci-airgap-smoke_synthetic-smoke_Q8_0/qemu_prompt_bench_latest.json,5,166,0,0
bench/results/bench_matrix_20260428T200733Z/ci-airgap-smoke_synthetic-smoke_Q8_0/qemu_prompt_bench_latest.json,6,166,0,0
bench/results/bench_matrix_20260428T225257Z/ci-airgap-smoke_synthetic-smoke_Q4_0/qemu_prompt_bench_20260428T225257Z.json,1,179,0,0
bench/results/bench_matrix_20260428T225257Z/ci-airgap-smoke_synthetic-smoke_Q4_0/qemu_prompt_bench_20260428T225257Z.json,2,179,0,0
bench/results/bench_matrix_20260428T225257Z/ci-airgap-smoke_synthetic-smoke_Q4_0/qemu_prompt_bench_20260428T225257Z.json,3,179,0,0
bench/results/bench_matrix_20260428T225257Z/ci-airgap-smoke_synthetic-smoke_Q4_0/qemu_prompt_bench_20260428T225257Z.json,4,179,0,0
bench/results/bench_matrix_20260428T225257Z/ci-airgap-smoke_synthetic-smoke_Q4_0/qemu_prompt_bench_20260428T225257Z.json,5,179,0,0
bench/results/bench_matrix_20260428T225257Z/ci-airgap-smoke_synthetic-smoke_Q4_0/qemu_prompt_bench_20260428T225257Z.json,6,179,0,0
bench/results/bench_matrix_20260428T225257Z/ci-airgap-smoke_synthetic-smoke_Q4_0/qemu_prompt_bench_latest.json,1,179,0,0
bench/results/bench_matrix_20260428T225257Z/ci-airgap-smoke_synthetic-smoke_Q4_0/qemu_prompt_bench_latest.json,2,179,0,0
bench/results/bench_matrix_20260428T225257Z/ci-airgap-smoke_synthetic-smoke_Q4_0/qemu_prompt_bench_latest.json,3,179,0,0
bench/results/bench_matrix_20260428T225257Z/ci-airgap-smoke_synthetic-smoke_Q4_0/qemu_prompt_bench_latest.json,4,179,0,0
bench/results/bench_matrix_20260428T225257Z/ci-airgap-smoke_synthetic-smoke_Q4_0/qemu_prompt_bench_latest.json,5,179,0,0
bench/results/bench_matrix_20260428T225257Z/ci-airgap-smoke_synthetic-smoke_Q4_0/qemu_prompt_bench_latest.json,6,179,0,0
bench/results/bench_matrix_20260428T225257Z/ci-airgap-smoke_synthetic-smoke_Q8_0/qemu_prompt_bench_20260428T225257Z.json,1,179,0,0
bench/results/bench_matrix_20260428T225257Z/ci-airgap-smoke_synthetic-smoke_Q8_0/qemu_prompt_bench_20260428T225257Z.json,2,179,0,0
bench/results/bench_matrix_20260428T225257Z/ci-airgap-smoke_synthetic-smoke_Q8_0/qemu_prompt_bench_20260428T225257Z.json,3,179,0,0
bench/results/bench_matrix_20260428T225257Z/ci-airgap-smoke_synthetic-smoke_Q8_0/qemu_prompt_bench_20260428T225257Z.json,4,179,0,0
bench/results/bench_matrix_20260428T225257Z/ci-airgap-smoke_synthetic-smoke_Q8_0/qemu_prompt_bench_20260428T225257Z.json,5,179,0,0
bench/results/bench_matrix_20260428T225257Z/ci-airgap-smoke_synthetic-smoke_Q8_0/qemu_prompt_bench_20260428T225257Z.json,6,179,0,0
bench/results/bench_matrix_20260428T225257Z/ci-airgap-smoke_synthetic-smoke_Q8_0/qemu_prompt_bench_latest.json,1,179,0,0
bench/results/bench_matrix_20260428T225257Z/ci-airgap-smoke_synthetic-smoke_Q8_0/qemu_prompt_bench_latest.json,2,179,0,0
bench/results/bench_matrix_20260428T225257Z/ci-airgap-smoke_synthetic-smoke_Q8_0/qemu_prompt_bench_latest.json,3,179,0,0
bench/results/bench_matrix_20260428T225257Z/ci-airgap-smoke_synthetic-smoke_Q8_0/qemu_prompt_bench_latest.json,4,179,0,0
bench/results/bench_matrix_20260428T225257Z/ci-airgap-smoke_synthetic-smoke_Q8_0/qemu_prompt_bench_latest.json,5,179,0,0
bench/results/bench_matrix_20260428T225257Z/ci-airgap-smoke_synthetic-smoke_Q8_0/qemu_prompt_bench_latest.json,6,179,0,0
bench/results/bench_matrix_20260429T094455Z/ci-airgap-smoke_synthetic-smoke_Q4_0/qemu_prompt_bench_20260429T094456Z.json,1,264,0,0
bench/results/bench_matrix_20260429T094455Z/ci-airgap-smoke_synthetic-smoke_Q4_0/qemu_prompt_bench_20260429T094456Z.json,2,264,0,0
bench/results/bench_matrix_20260429T094455Z/ci-airgap-smoke_synthetic-smoke_Q4_0/qemu_prompt_bench_20260429T094456Z.json,3,264,0,0
bench/results/bench_matrix_20260429T094455Z/ci-airgap-smoke_synthetic-smoke_Q4_0/qemu_prompt_bench_20260429T094456Z.json,4,264,0,0
bench/results/bench_matrix_20260429T094455Z/ci-airgap-smoke_synthetic-smoke_Q4_0/qemu_prompt_bench_20260429T094456Z.json,5,264,0,0
bench/results/bench_matrix_20260429T094455Z/ci-airgap-smoke_synthetic-smoke_Q4_0/qemu_prompt_bench_20260429T094456Z.json,6,264,0,0
bench/results/bench_matrix_20260429T094455Z/ci-airgap-smoke_synthetic-smoke_Q4_0/qemu_prompt_bench_latest.json,1,264,0,0
bench/results/bench_matrix_20260429T094455Z/ci-airgap-smoke_synthetic-smoke_Q4_0/qemu_prompt_bench_latest.json,2,264,0,0
bench/results/bench_matrix_20260429T094455Z/ci-airgap-smoke_synthetic-smoke_Q4_0/qemu_prompt_bench_latest.json,3,264,0,0
bench/results/bench_matrix_20260429T094455Z/ci-airgap-smoke_synthetic-smoke_Q4_0/qemu_prompt_bench_latest.json,4,264,0,0
bench/results/bench_matrix_20260429T094455Z/ci-airgap-smoke_synthetic-smoke_Q4_0/qemu_prompt_bench_latest.json,5,264,0,0
bench/results/bench_matrix_20260429T094455Z/ci-airgap-smoke_synthetic-smoke_Q4_0/qemu_prompt_bench_latest.json,6,264,0,0
bench/results/bench_matrix_20260429T094455Z/ci-airgap-smoke_synthetic-smoke_Q8_0/qemu_prompt_bench_20260429T094456Z.json,1,264,0,0
bench/results/bench_matrix_20260429T094455Z/ci-airgap-smoke_synthetic-smoke_Q8_0/qemu_prompt_bench_20260429T094456Z.json,2,264,0,0
bench/results/bench_matrix_20260429T094455Z/ci-airgap-smoke_synthetic-smoke_Q8_0/qemu_prompt_bench_20260429T094456Z.json,3,264,0,0
bench/results/bench_matrix_20260429T094455Z/ci-airgap-smoke_synthetic-smoke_Q8_0/qemu_prompt_bench_20260429T094456Z.json,4,264,0,0
bench/results/bench_matrix_20260429T094455Z/ci-airgap-smoke_synthetic-smoke_Q8_0/qemu_prompt_bench_20260429T094456Z.json,5,264,0,0
bench/results/bench_matrix_20260429T094455Z/ci-airgap-smoke_synthetic-smoke_Q8_0/qemu_prompt_bench_20260429T094456Z.json,6,264,0,0
bench/results/bench_matrix_20260429T094455Z/ci-airgap-smoke_synthetic-smoke_Q8_0/qemu_prompt_bench_latest.json,1,264,0,0
bench/results/bench_matrix_20260429T094455Z/ci-airgap-smoke_synthetic-smoke_Q8_0/qemu_prompt_bench_latest.json,2,264,0,0
bench/results/bench_matrix_20260429T094455Z/ci-airgap-smoke_synthetic-smoke_Q8_0/qemu_prompt_bench_latest.json,3,264,0,0
bench/results/bench_matrix_20260429T094455Z/ci-airgap-smoke_synthetic-smoke_Q8_0/qemu_prompt_bench_latest.json,4,264,0,0
bench/results/bench_matrix_20260429T094455Z/ci-airgap-smoke_synthetic-smoke_Q8_0/qemu_prompt_bench_latest.json,5,264,0,0
bench/results/bench_matrix_20260429T094455Z/ci-airgap-smoke_synthetic-smoke_Q8_0/qemu_prompt_bench_latest.json,6,264,0,0
bench/results/bench_matrix_20260502T011421Z/ci-airgap-smoke_synthetic-smoke_Q4_0/qemu_prompt_bench_20260502T011425Z.json,1,709,0,0
bench/results/bench_matrix_20260502T011421Z/ci-airgap-smoke_synthetic-smoke_Q4_0/qemu_prompt_bench_20260502T011425Z.json,2,709,0,0
bench/results/bench_matrix_20260502T011421Z/ci-airgap-smoke_synthetic-smoke_Q4_0/qemu_prompt_bench_20260502T011425Z.json,3,709,0,0
bench/results/bench_matrix_20260502T011421Z/ci-airgap-smoke_synthetic-smoke_Q4_0/qemu_prompt_bench_20260502T011425Z.json,4,709,0,0
bench/results/bench_matrix_20260502T011421Z/ci-airgap-smoke_synthetic-smoke_Q4_0/qemu_prompt_bench_20260502T011425Z.json,5,709,0,0
bench/results/bench_matrix_20260502T011421Z/ci-airgap-smoke_synthetic-smoke_Q4_0/qemu_prompt_bench_20260502T011425Z.json,6,709,0,0
bench/results/bench_matrix_20260502T011421Z/ci-airgap-smoke_synthetic-smoke_Q4_0/qemu_prompt_bench_latest.json,1,709,0,0
bench/results/bench_matrix_20260502T011421Z/ci-airgap-smoke_synthetic-smoke_Q4_0/qemu_prompt_bench_latest.json,2,709,0,0
bench/results/bench_matrix_20260502T011421Z/ci-airgap-smoke_synthetic-smoke_Q4_0/qemu_prompt_bench_latest.json,3,709,0,0
bench/results/bench_matrix_20260502T011421Z/ci-airgap-smoke_synthetic-smoke_Q4_0/qemu_prompt_bench_latest.json,4,709,0,0
bench/results/bench_matrix_20260502T011421Z/ci-airgap-smoke_synthetic-smoke_Q4_0/qemu_prompt_bench_latest.json,5,709,0,0
bench/results/bench_matrix_20260502T011421Z/ci-airgap-smoke_synthetic-smoke_Q4_0/qemu_prompt_bench_latest.json,6,709,0,0
bench/results/bench_matrix_20260502T011421Z/ci-airgap-smoke_synthetic-smoke_Q8_0/qemu_prompt_bench_20260502T011428Z.json,1,709,0,0
bench/results/bench_matrix_20260502T011421Z/ci-airgap-smoke_synthetic-smoke_Q8_0/qemu_prompt_bench_20260502T011428Z.json,2,709,0,0
bench/results/bench_matrix_20260502T011421Z/ci-airgap-smoke_synthetic-smoke_Q8_0/qemu_prompt_bench_20260502T011428Z.json,3,709,0,0
bench/results/bench_matrix_20260502T011421Z/ci-airgap-smoke_synthetic-smoke_Q8_0/qemu_prompt_bench_20260502T011428Z.json,4,709,0,0
bench/results/bench_matrix_20260502T011421Z/ci-airgap-smoke_synthetic-smoke_Q8_0/qemu_prompt_bench_20260502T011428Z.json,5,709,0,0
bench/results/bench_matrix_20260502T011421Z/ci-airgap-smoke_synthetic-smoke_Q8_0/qemu_prompt_bench_20260502T011428Z.json,6,709,0,0
bench/results/bench_matrix_20260502T011421Z/ci-airgap-smoke_synthetic-smoke_Q8_0/qemu_prompt_bench_latest.json,1,709,0,0
bench/results/bench_matrix_20260502T011421Z/ci-airgap-smoke_synthetic-smoke_Q8_0/qemu_prompt_bench_latest.json,2,709,0,0
bench/results/bench_matrix_20260502T011421Z/ci-airgap-smoke_synthetic-smoke_Q8_0/qemu_prompt_bench_latest.json,3,709,0,0
bench/results/bench_matrix_20260502T011421Z/ci-airgap-smoke_synthetic-smoke_Q8_0/qemu_prompt_bench_latest.json,4,709,0,0
bench/results/bench_matrix_20260502T011421Z/ci-airgap-smoke_synthetic-smoke_Q8_0/qemu_prompt_bench_latest.json,5,709,0,0
bench/results/bench_matrix_20260502T011421Z/ci-airgap-smoke_synthetic-smoke_Q8_0/qemu_prompt_bench_latest.json,6,709,0,0
bench/results/qemu_prompt_bench_20260427T144137Z.json,1,44,0,0
bench/results/qemu_prompt_bench_20260427T144137Z.json,2,44,0,0
bench/results/qemu_prompt_bench_20260427T144137Z.json,3,44,0,0
bench/results/qemu_prompt_bench_20260427T144137Z.json,4,44,0,0
bench/results/qemu_prompt_bench_20260427T144137Z.json,5,44,0,0
bench/results/qemu_prompt_bench_20260427T144137Z.json,6,44,0,0
bench/results/qemu_prompt_bench_20260427T161259Z.json,1,44,0,0
bench/results/qemu_prompt_bench_20260427T161259Z.json,2,44,0,0
bench/results/qemu_prompt_bench_20260427T161259Z.json,3,44,0,0
bench/results/qemu_prompt_bench_20260427T161259Z.json,4,44,0,0
bench/results/qemu_prompt_bench_20260427T161259Z.json,5,44,0,0
bench/results/qemu_prompt_bench_20260427T161259Z.json,6,44,0,0
bench/results/qemu_prompt_bench_20260427T170437Z.json,1,47,0,0
bench/results/qemu_prompt_bench_20260427T170437Z.json,2,47,0,0
bench/results/qemu_prompt_bench_20260427T170437Z.json,3,47,0,0
bench/results/qemu_prompt_bench_20260427T170437Z.json,4,47,0,0
bench/results/qemu_prompt_bench_20260427T170437Z.json,5,47,0,0
bench/results/qemu_prompt_bench_20260427T170437Z.json,6,47,0,0
bench/results/qemu_prompt_bench_20260427T172021Z.json,1,47,0,0
bench/results/qemu_prompt_bench_20260427T172021Z.json,2,47,0,0
bench/results/qemu_prompt_bench_20260427T172021Z.json,3,47,0,0
bench/results/qemu_prompt_bench_20260427T172021Z.json,4,47,0,0
bench/results/qemu_prompt_bench_20260427T172021Z.json,5,47,0,0
bench/results/qemu_prompt_bench_20260427T172021Z.json,6,47,0,0
bench/results/qemu_prompt_bench_20260427T180219Z.json,1,47,0,0
bench/results/qemu_prompt_bench_20260427T180219Z.json,2,47,0,0
bench/results/qemu_prompt_bench_20260427T180219Z.json,3,47,0,0
bench/results/qemu_prompt_bench_20260427T180219Z.json,4,47,0,0
bench/results/qemu_prompt_bench_20260427T180219Z.json,5,47,0,0
bench/results/qemu_prompt_bench_20260427T180219Z.json,6,47,0,0
bench/results/qemu_prompt_bench_20260427T180219Z.json,7,47,0,0
bench/results/qemu_prompt_bench_20260427T180219Z.json,8,47,0,0
bench/results/qemu_prompt_bench_20260427T192232Z.json,1,58,0,0
bench/results/qemu_prompt_bench_20260427T192232Z.json,2,58,0,0
bench/results/qemu_prompt_bench_20260427T192232Z.json,3,58,0,0
bench/results/qemu_prompt_bench_20260427T192232Z.json,4,58,0,0
bench/results/qemu_prompt_bench_20260427T192232Z.json,5,58,0,0
bench/results/qemu_prompt_bench_20260427T192232Z.json,6,58,0,0
bench/results/qemu_prompt_bench_20260427T200233Z.json,1,61,0,0
bench/results/qemu_prompt_bench_20260427T200233Z.json,2,61,0,0
bench/results/qemu_prompt_bench_20260427T200233Z.json,3,61,0,0
bench/results/qemu_prompt_bench_20260427T200233Z.json,4,61,0,0
bench/results/qemu_prompt_bench_20260427T200233Z.json,5,61,0,0
bench/results/qemu_prompt_bench_20260427T200233Z.json,6,61,0,0
bench/results/qemu_prompt_bench_20260427T220828Z.json,1,67,0,0
bench/results/qemu_prompt_bench_20260427T220828Z.json,2,67,0,0
bench/results/qemu_prompt_bench_20260427T220828Z.json,3,67,0,0
bench/results/qemu_prompt_bench_20260427T220828Z.json,4,67,0,0
bench/results/qemu_prompt_bench_20260427T220828Z.json,5,67,0,0
bench/results/qemu_prompt_bench_20260427T220828Z.json,6,67,0,0
bench/results/qemu_prompt_bench_20260427T221951Z.json,1,68,0,0
bench/results/qemu_prompt_bench_20260427T221951Z.json,2,68,0,0
bench/results/qemu_prompt_bench_20260427T221951Z.json,3,68,0,0
bench/results/qemu_prompt_bench_20260427T221951Z.json,4,68,0,0
bench/results/qemu_prompt_bench_20260427T221951Z.json,5,68,0,0
bench/results/qemu_prompt_bench_20260427T221951Z.json,6,68,0,0
bench/results/qemu_prompt_bench_20260427T231904Z.json,1,67,0,0
bench/results/qemu_prompt_bench_20260427T231904Z.json,2,67,0,0
bench/results/qemu_prompt_bench_20260427T231904Z.json,3,67,0,0
bench/results/qemu_prompt_bench_20260427T231904Z.json,4,67,0,0
bench/results/qemu_prompt_bench_20260427T231904Z.json,5,67,0,0
bench/results/qemu_prompt_bench_20260427T231904Z.json,6,67,0,0
bench/results/qemu_prompt_bench_20260427T233253Z.json,1,74,0,0
bench/results/qemu_prompt_bench_20260427T233253Z.json,2,74,0,0
bench/results/qemu_prompt_bench_20260427T233253Z.json,3,74,0,0
bench/results/qemu_prompt_bench_20260427T233253Z.json,4,74,0,0
bench/results/qemu_prompt_bench_20260427T233253Z.json,5,74,0,0
bench/results/qemu_prompt_bench_20260427T233253Z.json,6,74,0,0
bench/results/qemu_prompt_bench_20260427T234033Z.json,1,85,0,0
bench/results/qemu_prompt_bench_20260427T234033Z.json,2,85,0,0
bench/results/qemu_prompt_bench_20260427T234033Z.json,3,85,0,0
bench/results/qemu_prompt_bench_20260427T234033Z.json,4,85,0,0
bench/results/qemu_prompt_bench_20260427T234033Z.json,5,85,0,0
bench/results/qemu_prompt_bench_20260427T234033Z.json,6,85,0,0
bench/results/qemu_prompt_bench_20260428T000110Z.json,1,90,0,0
bench/results/qemu_prompt_bench_20260428T000110Z.json,2,90,0,0
bench/results/qemu_prompt_bench_20260428T000110Z.json,3,90,0,0
bench/results/qemu_prompt_bench_20260428T000110Z.json,4,90,0,0
bench/results/qemu_prompt_bench_20260428T000110Z.json,5,90,0,0
bench/results/qemu_prompt_bench_20260428T000110Z.json,6,90,0,0
bench/results/qemu_prompt_bench_20260428T000650Z.json,1,97,0,0
bench/results/qemu_prompt_bench_20260428T000650Z.json,2,97,0,0
bench/results/qemu_prompt_bench_20260428T000650Z.json,3,97,0,0
bench/results/qemu_prompt_bench_20260428T000650Z.json,4,97,0,0
bench/results/qemu_prompt_bench_20260428T000650Z.json,5,97,0,0
bench/results/qemu_prompt_bench_20260428T000650Z.json,6,97,0,0
bench/results/qemu_prompt_bench_20260428T024600Z.json,1,102,0,0
bench/results/qemu_prompt_bench_20260428T024600Z.json,2,102,0,0
bench/results/qemu_prompt_bench_20260428T024600Z.json,3,102,0,0
bench/results/qemu_prompt_bench_20260428T024600Z.json,4,102,0,0
bench/results/qemu_prompt_bench_20260428T024600Z.json,5,102,0,0
bench/results/qemu_prompt_bench_20260428T024600Z.json,6,102,0,0
bench/results/qemu_prompt_bench_20260428T035203Z.json,1,108,0,0
bench/results/qemu_prompt_bench_20260428T035203Z.json,2,108,0,0
bench/results/qemu_prompt_bench_20260428T035203Z.json,3,108,0,0
bench/results/qemu_prompt_bench_20260428T035203Z.json,4,108,0,0
bench/results/qemu_prompt_bench_20260428T035203Z.json,5,108,0,0
bench/results/qemu_prompt_bench_20260428T035203Z.json,6,108,0,0
bench/results/qemu_prompt_bench_20260428T044520Z.json,1,112,0,0
bench/results/qemu_prompt_bench_20260428T044520Z.json,2,112,0,0
bench/results/qemu_prompt_bench_20260428T044520Z.json,3,112,0,0
bench/results/qemu_prompt_bench_20260428T044520Z.json,4,112,0,0
bench/results/qemu_prompt_bench_20260428T044520Z.json,5,112,0,0
bench/results/qemu_prompt_bench_20260428T044520Z.json,6,112,0,0
bench/results/qemu_prompt_bench_20260428T045336Z.json,1,123,0,0
bench/results/qemu_prompt_bench_20260428T045336Z.json,2,123,0,0
bench/results/qemu_prompt_bench_20260428T045336Z.json,3,123,0,0
bench/results/qemu_prompt_bench_20260428T045336Z.json,4,123,0,0
bench/results/qemu_prompt_bench_20260428T045336Z.json,5,123,0,0
bench/results/qemu_prompt_bench_20260428T045336Z.json,6,123,0,0
bench/results/qemu_prompt_bench_20260428T051723Z.json,1,125,0,0
bench/results/qemu_prompt_bench_20260428T051723Z.json,2,125,0,0
bench/results/qemu_prompt_bench_20260428T051723Z.json,3,125,0,0
bench/results/qemu_prompt_bench_20260428T051723Z.json,4,125,0,0
bench/results/qemu_prompt_bench_20260428T051723Z.json,5,125,0,0
bench/results/qemu_prompt_bench_20260428T051723Z.json,6,125,0,0
bench/results/qemu_prompt_bench_20260428T053208Z.json,1,129,0,0
bench/results/qemu_prompt_bench_20260428T053208Z.json,2,129,0,0
bench/results/qemu_prompt_bench_20260428T053208Z.json,3,129,0,0
bench/results/qemu_prompt_bench_20260428T053208Z.json,4,129,0,0
bench/results/qemu_prompt_bench_20260428T053208Z.json,5,129,0,0
bench/results/qemu_prompt_bench_20260428T053208Z.json,6,129,0,0
bench/results/qemu_prompt_bench_20260428T061952Z.json,1,124,0,0
bench/results/qemu_prompt_bench_20260428T061952Z.json,2,124,0,0
bench/results/qemu_prompt_bench_20260428T061952Z.json,3,124,0,0
bench/results/qemu_prompt_bench_20260428T061952Z.json,4,124,0,0
bench/results/qemu_prompt_bench_20260428T061952Z.json,5,124,0,0
bench/results/qemu_prompt_bench_20260428T061952Z.json,6,124,0,0
bench/results/qemu_prompt_bench_20260428T064752Z.json,1,135,0,0
bench/results/qemu_prompt_bench_20260428T064752Z.json,2,135,0,0
bench/results/qemu_prompt_bench_20260428T064752Z.json,3,135,0,0
bench/results/qemu_prompt_bench_20260428T064752Z.json,4,135,0,0
bench/results/qemu_prompt_bench_20260428T064752Z.json,5,135,0,0
bench/results/qemu_prompt_bench_20260428T064752Z.json,6,135,0,0
bench/results/qemu_prompt_bench_20260428T124220Z.json,1,134,0,0
bench/results/qemu_prompt_bench_20260428T124220Z.json,2,134,0,0
bench/results/qemu_prompt_bench_20260428T124220Z.json,3,134,0,0
bench/results/qemu_prompt_bench_20260428T124220Z.json,4,134,0,0
bench/results/qemu_prompt_bench_20260428T124220Z.json,5,134,0,0
bench/results/qemu_prompt_bench_20260428T124220Z.json,6,134,0,0
bench/results/qemu_prompt_bench_20260428T125149Z.json,1,143,0,0
bench/results/qemu_prompt_bench_20260428T125149Z.json,2,143,0,0
bench/results/qemu_prompt_bench_20260428T125149Z.json,3,143,0,0
bench/results/qemu_prompt_bench_20260428T125149Z.json,4,143,0,0
bench/results/qemu_prompt_bench_20260428T125149Z.json,5,143,0,0
bench/results/qemu_prompt_bench_20260428T125149Z.json,6,143,0,0
bench/results/qemu_prompt_bench_20260428T134519Z.json,1,143,0,0
bench/results/qemu_prompt_bench_20260428T134519Z.json,2,143,0,0
bench/results/qemu_prompt_bench_20260428T134519Z.json,3,143,0,0
bench/results/qemu_prompt_bench_20260428T134519Z.json,4,143,0,0
bench/results/qemu_prompt_bench_20260428T134519Z.json,5,143,0,0
bench/results/qemu_prompt_bench_20260428T134519Z.json,6,143,0,0
bench/results/qemu_prompt_bench_20260428T142810Z.json,1,148,0,0
bench/results/qemu_prompt_bench_20260428T142810Z.json,2,148,0,0
bench/results/qemu_prompt_bench_20260428T142810Z.json,3,148,0,0
bench/results/qemu_prompt_bench_20260428T142810Z.json,4,148,0,0
bench/results/qemu_prompt_bench_20260428T142810Z.json,5,148,0,0
bench/results/qemu_prompt_bench_20260428T142810Z.json,6,148,0,0
bench/results/qemu_prompt_bench_20260428T143901Z.json,1,153,0,0
bench/results/qemu_prompt_bench_20260428T143901Z.json,2,153,0,0
bench/results/qemu_prompt_bench_20260428T143901Z.json,3,153,0,0
bench/results/qemu_prompt_bench_20260428T143901Z.json,4,153,0,0
bench/results/qemu_prompt_bench_20260428T143901Z.json,5,153,0,0
bench/results/qemu_prompt_bench_20260428T143901Z.json,6,153,0,0
bench/results/qemu_prompt_bench_20260428T153243Z.json,1,164,0,0
bench/results/qemu_prompt_bench_20260428T153243Z.json,2,164,0,0
bench/results/qemu_prompt_bench_20260428T153243Z.json,3,164,0,0
bench/results/qemu_prompt_bench_20260428T153243Z.json,4,164,0,0
bench/results/qemu_prompt_bench_20260428T153243Z.json,5,164,0,0
bench/results/qemu_prompt_bench_20260428T153243Z.json,6,164,0,0
bench/results/qemu_prompt_bench_20260428T223835Z.json,1,170,0,0
bench/results/qemu_prompt_bench_20260428T223835Z.json,2,170,0,0
bench/results/qemu_prompt_bench_20260428T223835Z.json,3,170,0,0
bench/results/qemu_prompt_bench_20260428T223835Z.json,4,170,0,0
bench/results/qemu_prompt_bench_20260428T223835Z.json,5,170,0,0
bench/results/qemu_prompt_bench_20260428T223835Z.json,6,170,0,0
bench/results/qemu_prompt_bench_20260428T225239Z.json,1,173,0,0
bench/results/qemu_prompt_bench_20260428T225239Z.json,2,173,0,0
bench/results/qemu_prompt_bench_20260428T225239Z.json,3,173,0,0
bench/results/qemu_prompt_bench_20260428T225239Z.json,4,173,0,0
bench/results/qemu_prompt_bench_20260428T225239Z.json,5,173,0,0
bench/results/qemu_prompt_bench_20260428T225239Z.json,6,173,0,0
bench/results/qemu_prompt_bench_20260428T231320Z.json,1,181,0,0
bench/results/qemu_prompt_bench_20260428T231320Z.json,2,181,0,0
bench/results/qemu_prompt_bench_20260428T231320Z.json,3,181,0,0
bench/results/qemu_prompt_bench_20260428T231320Z.json,4,181,0,0
bench/results/qemu_prompt_bench_20260428T231320Z.json,5,181,0,0
bench/results/qemu_prompt_bench_20260428T231320Z.json,6,181,0,0
bench/results/qemu_prompt_bench_20260428T231320Z.json,7,181,0,0
bench/results/qemu_prompt_bench_20260428T231320Z.json,8,181,0,0
bench/results/qemu_prompt_bench_20260429T012002Z.json,1,178,0,0
bench/results/qemu_prompt_bench_20260429T012002Z.json,2,178,0,0
bench/results/qemu_prompt_bench_20260429T012002Z.json,3,178,0,0
bench/results/qemu_prompt_bench_20260429T012002Z.json,4,178,0,0
bench/results/qemu_prompt_bench_20260429T012002Z.json,5,178,0,0
bench/results/qemu_prompt_bench_20260429T012002Z.json,6,178,0,0
bench/results/qemu_prompt_bench_20260429T015022Z.json,1,187,0,0
bench/results/qemu_prompt_bench_20260429T015022Z.json,2,187,0,0
bench/results/qemu_prompt_bench_20260429T015022Z.json,3,187,0,0
bench/results/qemu_prompt_bench_20260429T015022Z.json,4,187,0,0
bench/results/qemu_prompt_bench_20260429T015022Z.json,5,187,0,0
bench/results/qemu_prompt_bench_20260429T015022Z.json,6,187,0,0
bench/results/qemu_prompt_bench_20260429T020052Z.json,1,198,0,0
bench/results/qemu_prompt_bench_20260429T020052Z.json,2,198,0,0
bench/results/qemu_prompt_bench_20260429T020052Z.json,3,198,0,0
bench/results/qemu_prompt_bench_20260429T020052Z.json,4,198,0,0
bench/results/qemu_prompt_bench_20260429T020052Z.json,5,198,0,0
bench/results/qemu_prompt_bench_20260429T020052Z.json,6,198,0,0
bench/results/qemu_prompt_bench_20260429T024845Z.json,1,203,0,0
bench/results/qemu_prompt_bench_20260429T024845Z.json,2,203,0,0
bench/results/qemu_prompt_bench_20260429T024845Z.json,3,203,0,0
bench/results/qemu_prompt_bench_20260429T024845Z.json,4,203,0,0
bench/results/qemu_prompt_bench_20260429T024845Z.json,5,203,0,0
bench/results/qemu_prompt_bench_20260429T024845Z.json,6,203,0,0
bench/results/qemu_prompt_bench_20260429T032337Z.json,1,248,0,0
bench/results/qemu_prompt_bench_20260429T032337Z.json,2,248,0,0
bench/results/qemu_prompt_bench_20260429T032337Z.json,3,248,0,0
bench/results/qemu_prompt_bench_20260429T032337Z.json,4,248,0,0
bench/results/qemu_prompt_bench_20260429T032337Z.json,5,248,0,0
bench/results/qemu_prompt_bench_20260429T032337Z.json,6,248,0,0
bench/results/qemu_prompt_bench_20260429T041410Z.json,1,248,0,0
bench/results/qemu_prompt_bench_20260429T041410Z.json,2,248,0,0
bench/results/qemu_prompt_bench_20260429T041410Z.json,3,248,0,0
bench/results/qemu_prompt_bench_20260429T041410Z.json,4,248,0,0
bench/results/qemu_prompt_bench_20260429T041410Z.json,5,248,0,0
bench/results/qemu_prompt_bench_20260429T041410Z.json,6,248,0,0
bench/results/qemu_prompt_bench_20260429T060039Z.json,1,258,0,0
bench/results/qemu_prompt_bench_20260429T060039Z.json,2,258,0,0
bench/results/qemu_prompt_bench_20260429T060039Z.json,3,258,0,0
bench/results/qemu_prompt_bench_20260429T060039Z.json,4,258,0,0
bench/results/qemu_prompt_bench_20260429T060039Z.json,5,258,0,0
bench/results/qemu_prompt_bench_20260429T060039Z.json,6,258,0,0
bench/results/qemu_prompt_bench_20260429T062942Z.json,1,225,0,0
bench/results/qemu_prompt_bench_20260429T062942Z.json,2,225,0,0
bench/results/qemu_prompt_bench_20260429T065359Z.json,1,233,0,0
bench/results/qemu_prompt_bench_20260429T065359Z.json,2,233,0,0
bench/results/qemu_prompt_bench_20260429T102512Z.json,1,266,0,0
bench/results/qemu_prompt_bench_20260429T102512Z.json,2,266,0,0
bench/results/qemu_prompt_bench_20260429T102512Z.json,3,266,0,0
bench/results/qemu_prompt_bench_20260429T102512Z.json,4,266,0,0
bench/results/qemu_prompt_bench_20260429T102512Z.json,5,266,0,0
bench/results/qemu_prompt_bench_20260429T102512Z.json,6,266,0,0
bench/results/qemu_prompt_bench_20260429T103312Z.json,1,228,0,0
bench/results/qemu_prompt_bench_20260429T103312Z.json,2,228,0,0
bench/results/qemu_prompt_bench_20260429T143532Z.json,1,423,0,0
bench/results/qemu_prompt_bench_20260429T143532Z.json,2,423,0,0
bench/results/qemu_prompt_bench_20260429T143532Z.json,3,423,0,0
bench/results/qemu_prompt_bench_20260429T143532Z.json,4,423,0,0
bench/results/qemu_prompt_bench_20260429T143532Z.json,5,423,0,0
bench/results/qemu_prompt_bench_20260429T143532Z.json,6,423,0,0
bench/results/qemu_prompt_bench_20260429T153144Z.json,1,423,0,0
bench/results/qemu_prompt_bench_20260429T153144Z.json,2,423,0,0
bench/results/qemu_prompt_bench_20260429T153144Z.json,3,423,0,0
bench/results/qemu_prompt_bench_20260429T153144Z.json,4,423,0,0
bench/results/qemu_prompt_bench_20260429T153144Z.json,5,423,0,0
bench/results/qemu_prompt_bench_20260429T153144Z.json,6,423,0,0
bench/results/qemu_prompt_bench_20260429T160551Z.json,1,459,0,0
bench/results/qemu_prompt_bench_20260429T160551Z.json,2,459,0,0
bench/results/qemu_prompt_bench_20260429T160551Z.json,3,459,0,0
bench/results/qemu_prompt_bench_20260429T160551Z.json,4,459,0,0
bench/results/qemu_prompt_bench_20260429T160551Z.json,5,459,0,0
bench/results/qemu_prompt_bench_20260429T160551Z.json,6,459,0,0
bench/results/qemu_prompt_bench_20260429T161025Z.json,1,459,0,0
bench/results/qemu_prompt_bench_20260429T161025Z.json,2,459,0,0
bench/results/qemu_prompt_bench_20260429T161025Z.json,3,459,0,0
bench/results/qemu_prompt_bench_20260429T161025Z.json,4,459,0,0
bench/results/qemu_prompt_bench_20260429T161025Z.json,5,459,0,0
bench/results/qemu_prompt_bench_20260429T161025Z.json,6,459,0,0
bench/results/qemu_prompt_bench_20260429T170155Z.json,1,470,0,0
bench/results/qemu_prompt_bench_20260429T170155Z.json,2,470,0,0
bench/results/qemu_prompt_bench_20260429T170155Z.json,3,470,0,0
bench/results/qemu_prompt_bench_20260429T170155Z.json,4,470,0,0
bench/results/qemu_prompt_bench_20260429T170155Z.json,5,470,0,0
bench/results/qemu_prompt_bench_20260429T170155Z.json,6,470,0,0
bench/results/qemu_prompt_bench_20260429T182259Z.json,1,484,0,0
bench/results/qemu_prompt_bench_20260429T182259Z.json,2,484,0,0
bench/results/qemu_prompt_bench_20260429T182259Z.json,3,484,0,0
bench/results/qemu_prompt_bench_20260429T182259Z.json,4,484,0,0
bench/results/qemu_prompt_bench_20260429T182259Z.json,5,484,0,0
bench/results/qemu_prompt_bench_20260429T182259Z.json,6,484,0,0
bench/results/qemu_prompt_bench_20260429T185635Z.json,1,484,0,0
bench/results/qemu_prompt_bench_20260429T185635Z.json,2,484,0,0
bench/results/qemu_prompt_bench_20260429T185635Z.json,3,484,0,0
bench/results/qemu_prompt_bench_20260429T185635Z.json,4,484,0,0
bench/results/qemu_prompt_bench_20260429T185635Z.json,5,484,0,0
bench/results/qemu_prompt_bench_20260429T185635Z.json,6,484,0,0
bench/results/qemu_prompt_bench_20260429T193606Z.json,1,490,0,0
bench/results/qemu_prompt_bench_20260429T193606Z.json,2,490,0,0
bench/results/qemu_prompt_bench_20260429T193606Z.json,3,490,0,0
bench/results/qemu_prompt_bench_20260429T193606Z.json,4,490,0,0
bench/results/qemu_prompt_bench_20260429T193606Z.json,5,490,0,0
bench/results/qemu_prompt_bench_20260429T193606Z.json,6,490,0,0
bench/results/qemu_prompt_bench_20260429T194305Z.json,1,507,0,0
bench/results/qemu_prompt_bench_20260429T194305Z.json,2,507,0,0
bench/results/qemu_prompt_bench_20260429T194305Z.json,3,507,0,0
bench/results/qemu_prompt_bench_20260429T194305Z.json,4,507,0,0
bench/results/qemu_prompt_bench_20260429T194305Z.json,5,507,0,0
bench/results/qemu_prompt_bench_20260429T194305Z.json,6,507,0,0
bench/results/qemu_prompt_bench_20260429T195949Z.json,1,543,0,0
bench/results/qemu_prompt_bench_20260429T195949Z.json,2,543,0,0
bench/results/qemu_prompt_bench_20260429T195949Z.json,3,543,0,0
bench/results/qemu_prompt_bench_20260429T195949Z.json,4,543,0,0
bench/results/qemu_prompt_bench_20260429T195949Z.json,5,543,0,0
bench/results/qemu_prompt_bench_20260429T195949Z.json,6,543,0,0
bench/results/qemu_prompt_bench_20260429T200845Z.json,1,581,0,0
bench/results/qemu_prompt_bench_20260429T200845Z.json,2,581,0,0
bench/results/qemu_prompt_bench_20260429T200845Z.json,3,581,0,0
bench/results/qemu_prompt_bench_20260429T200845Z.json,4,581,0,0
bench/results/qemu_prompt_bench_20260429T200845Z.json,5,581,0,0
bench/results/qemu_prompt_bench_20260429T200845Z.json,6,581,0,0
bench/results/qemu_prompt_bench_20260429T201750Z.json,1,615,0,0
bench/results/qemu_prompt_bench_20260429T201750Z.json,2,615,0,0
bench/results/qemu_prompt_bench_20260429T201750Z.json,3,615,0,0
bench/results/qemu_prompt_bench_20260429T201750Z.json,4,615,0,0
bench/results/qemu_prompt_bench_20260429T201750Z.json,5,615,0,0
bench/results/qemu_prompt_bench_20260429T201750Z.json,6,615,0,0
bench/results/qemu_prompt_bench_20260429T202417Z.json,1,639,0,0
bench/results/qemu_prompt_bench_20260429T202417Z.json,2,639,0,0
bench/results/qemu_prompt_bench_20260429T202417Z.json,3,639,0,0
bench/results/qemu_prompt_bench_20260429T202417Z.json,4,639,0,0
bench/results/qemu_prompt_bench_20260429T202417Z.json,5,639,0,0
bench/results/qemu_prompt_bench_20260429T202417Z.json,6,639,0,0
bench/results/qemu_prompt_bench_20260429T203225Z.json,1,673,0,0
bench/results/qemu_prompt_bench_20260429T203225Z.json,2,673,0,0
bench/results/qemu_prompt_bench_20260429T203225Z.json,3,673,0,0
bench/results/qemu_prompt_bench_20260429T203225Z.json,4,673,0,0
bench/results/qemu_prompt_bench_20260429T203225Z.json,5,673,0,0
bench/results/qemu_prompt_bench_20260429T203225Z.json,6,673,0,0
bench/results/qemu_prompt_bench_20260429T203914Z.json,1,674,0,0
bench/results/qemu_prompt_bench_20260429T203914Z.json,2,674,0,0
bench/results/qemu_prompt_bench_20260429T203914Z.json,3,674,0,0
bench/results/qemu_prompt_bench_20260429T203914Z.json,4,674,0,0
bench/results/qemu_prompt_bench_20260429T203914Z.json,5,674,0,0
bench/results/qemu_prompt_bench_20260429T203914Z.json,6,674,0,0
bench/results/qemu_prompt_bench_20260429T230149Z.json,1,710,0,0
bench/results/qemu_prompt_bench_20260429T230149Z.json,2,710,0,0
bench/results/qemu_prompt_bench_20260429T230149Z.json,3,710,0,0
bench/results/qemu_prompt_bench_20260429T230149Z.json,4,710,0,0
bench/results/qemu_prompt_bench_20260429T230149Z.json,5,710,0,0
bench/results/qemu_prompt_bench_20260429T230149Z.json,6,710,0,0
bench/results/qemu_prompt_bench_20260501T171635Z.json,1,710,0,0
bench/results/qemu_prompt_bench_20260501T171635Z.json,2,710,0,0
bench/results/qemu_prompt_bench_20260501T171635Z.json,3,710,0,0
bench/results/qemu_prompt_bench_20260501T171635Z.json,4,710,0,0
bench/results/qemu_prompt_bench_20260501T171635Z.json,5,710,0,0
bench/results/qemu_prompt_bench_20260501T171635Z.json,6,710,0,0
bench/results/qemu_prompt_bench_20260501T230412Z.json,1,711,0,0
bench/results/qemu_prompt_bench_20260501T230412Z.json,2,711,0,0
bench/results/qemu_prompt_bench_20260501T230412Z.json,3,711,0,0
bench/results/qemu_prompt_bench_20260501T230412Z.json,4,711,0,0
bench/results/qemu_prompt_bench_20260501T230412Z.json,5,711,0,0
bench/results/qemu_prompt_bench_20260501T230412Z.json,6,711,0,0
bench/results/qemu_prompt_bench_dry_run_20260427T222713Z.json,1,22,0,0
bench/results/qemu_prompt_bench_dry_run_20260427T233252Z.json,1,29,0,0
bench/results/qemu_prompt_bench_dry_run_20260428T124108Z.json,1,34,0,0
bench/results/qemu_prompt_bench_dry_run_20260428T222213Z.json,1,32,0,0
bench/results/qemu_prompt_bench_dry_run_20260428T223047Z.json,1,72,0,0
bench/results/qemu_prompt_bench_dry_run_20260428T231332Z.json,1,88,0,0
bench/results/qemu_prompt_bench_dry_run_20260429T032337Z.json,1,77,0,0
bench/results/qemu_prompt_bench_dry_run_20260429T133647Z.json,1,86,0,0
bench/results/qemu_prompt_bench_dry_run_20260429T153218Z.json,1,92,0,0
bench/results/qemu_prompt_bench_dry_run_20260429T170331Z.json,1,93,0,0
bench/results/qemu_prompt_bench_dry_run_20260429T193620Z.json,1,96,0,0
bench/results/qemu_prompt_bench_dry_run_latest.json,1,96,0,0
bench/results/qemu_prompt_bench_latest.json,1,711,0,0
bench/results/qemu_prompt_bench_latest.json,2,711,0,0
bench/results/qemu_prompt_bench_latest.json,3,711,0,0
bench/results/qemu_prompt_bench_latest.json,4,711,0,0
bench/results/qemu_prompt_bench_latest.json,5,711,0,0
bench/results/qemu_prompt_bench_latest.json,6,711,0,0
bench/results/qemu_benchmark_matrix_audit_latest.json,1,14,0,0
bench/results/qemu_benchmark_matrix_audit_smoke_latest.json,1,14,0,0
bench/results/qemu_benchmark_matrix_smoke_latest.json,1,224,0,0
