key,field,hashes,points,commits,sources
-/-/-/68fc621f9f3916e73aa05b83ba0fa8da9f3cffad22a1c29f5acf8980d8dd743a,command_sha256,"72742a3c184093a30f9923158e9d8f9f87376e61ba1ff2368bef36920abe9755,cd63fce9b104ed8c38566a736230f0f586e388a4959cc554564571547acc6e6a,e415146c052b9f0baa23706ffde97548f2374f6601337823b4d810c39bed48e7",5,,"bench/results/qemu_prompt_bench_dry_run_20260428T223047Z.json,bench/results/qemu_prompt_bench_dry_run_20260428T231332Z.json,bench/results/qemu_prompt_bench_dry_run_20260429T032337Z.json,bench/results/qemu_prompt_bench_dry_run_20260429T133647Z.json,bench/results/qemu_prompt_bench_dry_run_latest.json"
ci-airgap-smoke/synthetic-smoke/Q4_0/68fc621f9f3916e73aa05b83ba0fa8da9f3cffad22a1c29f5acf8980d8dd743a,command_sha256,"16276fe5218629c6d18b6c6bd2d299bf0826c2ddd15ff0ce3871037bda7f4a6b,1fe7be915be8056f3459da4bb9d1300701c8c673df80addccc4b4a822b33b661,237d2ed6d810297657001950f1ad01f0ff59d2b8e1011629c4500ef508be9b7a,b38e17f8fe6b79397ba9c4cb6dc68ad1d24ed501d479195500b1d8eaf615640d,e415146c052b9f0baa23706ffde97548f2374f6601337823b4d810c39bed48e7",25,"04ebfd55f75c,11606add1d46,181a607ff1c6,1bd6822f408f,3669b227bc52,5025377e127c,6b0ce9e72312,750b69927e30,7aae33645cab,825b6d95f7f1,a1b8bfdc89b1,b091c33043ad,b397ba037624,c758f266b83c,de3a1b82f5eb,fbd5f28e06c8,ff0cb4429e89","bench/results/bench_matrix_20260428T150609Z/ci-airgap-smoke_synthetic-smoke_Q4_0/qemu_prompt_bench_latest.json,bench/results/bench_matrix_20260428T152031Z/ci-airgap-smoke_synthetic-smoke_Q4_0/qemu_prompt_bench_20260428T152031Z.json,bench/results/bench_matrix_20260428T152031Z/ci-airgap-smoke_synthetic-smoke_Q4_0/qemu_prompt_bench_latest.json,bench/results/bench_matrix_20260428T172755Z/ci-airgap-smoke_synthetic-smoke_Q4_0/qemu_prompt_bench_20260428T172755Z.json,bench/results/bench_matrix_20260428T172755Z/ci-airgap-smoke_synthetic-smoke_Q4_0/qemu_prompt_bench_latest.json,bench/results/bench_matrix_20260428T200733Z/ci-airgap-smoke_synthetic-smoke_Q4_0/qemu_prompt_bench_20260428T200733Z.json,bench/results/bench_matrix_20260428T200733Z/ci-airgap-smoke_synthetic-smoke_Q4_0/qemu_prompt_bench_latest.json,bench/results/bench_matrix_20260428T225257Z/ci-airgap-smoke_synthetic-smoke_Q4_0/qemu_prompt_bench_20260428T225257Z.json,bench/results/bench_matrix_20260428T225257Z/ci-airgap-smoke_synthetic-smoke_Q4_0/qemu_prompt_bench_latest.json,bench/results/bench_matrix_20260429T094455Z/ci-airgap-smoke_synthetic-smoke_Q4_0/qemu_prompt_bench_20260429T094456Z.json,bench/results/bench_matrix_20260429T094455Z/ci-airgap-smoke_synthetic-smoke_Q4_0/qemu_prompt_bench_latest.json,bench/results/bench_matrix_latest.json,bench/results/qemu_prompt_bench_20260428T153243Z.json,bench/results/qemu_prompt_bench_20260428T223835Z.json,bench/results/qemu_prompt_bench_20260429T015022Z.json,bench/results/qemu_prompt_bench_20260429T020052Z.json,bench/results/qemu_prompt_bench_20260429T024845Z.json,bench/results/qemu_prompt_bench_20260429T032337Z.json,bench/results/qemu_prompt_bench_20260429T041410Z.json,bench/results/qemu_prompt_bench_20260429T060039Z.json,bench/results/qemu_prompt_bench_20260429T062942Z.json,bench/results/qemu_prompt_bench_20260429T065359Z.json,bench/results/qemu_prompt_bench_20260429T102512Z.json,bench/results/qemu_prompt_bench_20260429T103312Z.json,bench/results/qemu_prompt_bench_latest.json"
ci-airgap-smoke/synthetic-smoke/Q8_0/68fc621f9f3916e73aa05b83ba0fa8da9f3cffad22a1c29f5acf8980d8dd743a,command_sha256,"1fe7be915be8056f3459da4bb9d1300701c8c673df80addccc4b4a822b33b661,b38e17f8fe6b79397ba9c4cb6dc68ad1d24ed501d479195500b1d8eaf615640d",25,"5025377e127c,6a8bc0e18988,750b69927e30,825b6d95f7f1,9bcc18706a99,b397ba037624,c8e896a45950,d1ee8f0158c3,f884c29d4b92,fd1f1247258a,ff0cb4429e89","bench/results/bench_matrix_20260428T062013Z/ci-airgap-smoke_synthetic-smoke_Q8_0/qemu_prompt_bench_20260428T062015Z.json,bench/results/bench_matrix_20260428T062013Z/ci-airgap-smoke_synthetic-smoke_Q8_0/qemu_prompt_bench_latest.json,bench/results/bench_matrix_20260428T105611Z/ci-airgap-smoke_synthetic-smoke_Q8_0/qemu_prompt_bench_20260428T105614Z.json,bench/results/bench_matrix_20260428T105611Z/ci-airgap-smoke_synthetic-smoke_Q8_0/qemu_prompt_bench_latest.json,bench/results/bench_matrix_20260428T132709Z/ci-airgap-smoke_synthetic-smoke_Q8_0/qemu_prompt_bench_20260428T132724Z.json,bench/results/bench_matrix_20260428T132709Z/ci-airgap-smoke_synthetic-smoke_Q8_0/qemu_prompt_bench_latest.json,bench/results/bench_matrix_20260428T133552Z/ci-airgap-smoke_synthetic-smoke_Q8_0/qemu_prompt_bench_20260428T133554Z.json,bench/results/bench_matrix_20260428T133552Z/ci-airgap-smoke_synthetic-smoke_Q8_0/qemu_prompt_bench_latest.json,bench/results/bench_matrix_20260428T143936Z/ci-airgap-smoke_synthetic-smoke_Q8_0/qemu_prompt_bench_20260428T143940Z.json,bench/results/bench_matrix_20260428T143936Z/ci-airgap-smoke_synthetic-smoke_Q8_0/qemu_prompt_bench_latest.json,bench/results/bench_matrix_20260428T144908Z/ci-airgap-smoke_synthetic-smoke_Q8_0/qemu_prompt_bench_20260428T144909Z.json,bench/results/bench_matrix_20260428T144908Z/ci-airgap-smoke_synthetic-smoke_Q8_0/qemu_prompt_bench_latest.json,bench/results/bench_matrix_20260428T150609Z/ci-airgap-smoke_synthetic-smoke_Q8_0/qemu_prompt_bench_20260428T150613Z.json,bench/results/bench_matrix_20260428T150609Z/ci-airgap-smoke_synthetic-smoke_Q8_0/qemu_prompt_bench_latest.json,bench/results/bench_matrix_20260428T152031Z/ci-airgap-smoke_synthetic-smoke_Q8_0/qemu_prompt_bench_20260428T152032Z.json,bench/results/bench_matrix_20260428T152031Z/ci-airgap-smoke_synthetic-smoke_Q8_0/qemu_prompt_bench_latest.json,bench/results/bench_matrix_20260428T172755Z/ci-airgap-smoke_synthetic-smoke_Q8_0/qemu_prompt_bench_20260428T172756Z.json,bench/results/bench_matrix_20260428T172755Z/ci-airgap-smoke_synthetic-smoke_Q8_0/qemu_prompt_bench_latest.json,bench/results/bench_matrix_20260428T200733Z/ci-airgap-smoke_synthetic-smoke_Q8_0/qemu_prompt_bench_20260428T200733Z.json,bench/results/bench_matrix_20260428T200733Z/ci-airgap-smoke_synthetic-smoke_Q8_0/qemu_prompt_bench_latest.json,bench/results/bench_matrix_20260428T225257Z/ci-airgap-smoke_synthetic-smoke_Q8_0/qemu_prompt_bench_20260428T225257Z.json,bench/results/bench_matrix_20260428T225257Z/ci-airgap-smoke_synthetic-smoke_Q8_0/qemu_prompt_bench_latest.json,bench/results/bench_matrix_20260429T094455Z/ci-airgap-smoke_synthetic-smoke_Q8_0/qemu_prompt_bench_20260429T094456Z.json,bench/results/bench_matrix_20260429T094455Z/ci-airgap-smoke_synthetic-smoke_Q8_0/qemu_prompt_bench_latest.json,bench/results/bench_matrix_latest.json"
synthetic-airgap-smoke/synthetic-smoke/Q4_0/68fc621f9f3916e73aa05b83ba0fa8da9f3cffad22a1c29f5acf8980d8dd743a,command_sha256,"cd63fce9b104ed8c38566a736230f0f586e388a4959cc554564571547acc6e6a,e415146c052b9f0baa23706ffde97548f2374f6601337823b4d810c39bed48e7,missing",21,"1588059f2388,36f90ed16742,3d5824a5de05,4981d42b1a52,756c0a850ab9,757d8ba7addc,786eee1bfa27,825b6d95f7f1,9305c9617dbe,9bcc18706a99,b1e55ed7d43f,b5c013b1b596,b943c38d923f,ba875d39995e,cd2ef624364d,d1ee8f0158c3,d580dff2e3e3,e4b0c6c494ee,ea55b6ea98dd,ec4b6dde4fd6,fc1728848aad","bench/results/qemu_prompt_bench_20260427T200233Z.json,bench/results/qemu_prompt_bench_20260427T220828Z.json,bench/results/qemu_prompt_bench_20260427T221951Z.json,bench/results/qemu_prompt_bench_20260427T231904Z.json,bench/results/qemu_prompt_bench_20260427T233253Z.json,bench/results/qemu_prompt_bench_20260427T234033Z.json,bench/results/qemu_prompt_bench_20260428T000110Z.json,bench/results/qemu_prompt_bench_20260428T000650Z.json,bench/results/qemu_prompt_bench_20260428T024600Z.json,bench/results/qemu_prompt_bench_20260428T044520Z.json,bench/results/qemu_prompt_bench_20260428T045336Z.json,bench/results/qemu_prompt_bench_20260428T051723Z.json,bench/results/qemu_prompt_bench_20260428T061952Z.json,bench/results/qemu_prompt_bench_20260428T124220Z.json,bench/results/qemu_prompt_bench_20260428T125149Z.json,bench/results/qemu_prompt_bench_20260428T134519Z.json,bench/results/qemu_prompt_bench_20260428T142810Z.json,bench/results/qemu_prompt_bench_20260428T143901Z.json,bench/results/qemu_prompt_bench_20260428T225239Z.json,bench/results/qemu_prompt_bench_20260428T231320Z.json,bench/results/qemu_prompt_bench_20260429T012002Z.json"
-/-/-/68fc621f9f3916e73aa05b83ba0fa8da9f3cffad22a1c29f5acf8980d8dd743a,launch_plan_sha256,"0e6e0a7f4f79bd3404fa242861cd90d1b5e7ec08fce24797dc36bddcb8535a86,1984f18af8d221fea7e13bfa2403bd87662cb633f728095187b698a10b4f99c5,9bf69bc6a6f70cc016dc9f5eb260948a2c5781fc504d397f36ac0e6992b91fff,b223f9a0e6d1633add356e01e86a8af33c00349530d3d8d9eba2b81b68013712",5,,"bench/results/qemu_prompt_bench_dry_run_20260428T223047Z.json,bench/results/qemu_prompt_bench_dry_run_20260428T231332Z.json,bench/results/qemu_prompt_bench_dry_run_20260429T032337Z.json,bench/results/qemu_prompt_bench_dry_run_20260429T133647Z.json,bench/results/qemu_prompt_bench_dry_run_latest.json"
ci-airgap-smoke/synthetic-smoke/Q4_0/68fc621f9f3916e73aa05b83ba0fa8da9f3cffad22a1c29f5acf8980d8dd743a,launch_plan_sha256,"0e6e0a7f4f79bd3404fa242861cd90d1b5e7ec08fce24797dc36bddcb8535a86,1b8f97385b6c789b6df66f05e476b20f6766421b6e861be746735d67cc9513da,7bf1257265af0839c236008631b4062821e27fef1c51977fd318fdf878f2db14,87148377012250dda7f1be10ab8c73ac784dd582df50f95013f6da0406443d6f,missing",25,"04ebfd55f75c,11606add1d46,181a607ff1c6,1bd6822f408f,3669b227bc52,5025377e127c,6b0ce9e72312,750b69927e30,7aae33645cab,825b6d95f7f1,a1b8bfdc89b1,b091c33043ad,b397ba037624,c758f266b83c,de3a1b82f5eb,fbd5f28e06c8,ff0cb4429e89","bench/results/bench_matrix_20260428T150609Z/ci-airgap-smoke_synthetic-smoke_Q4_0/qemu_prompt_bench_latest.json,bench/results/bench_matrix_20260428T152031Z/ci-airgap-smoke_synthetic-smoke_Q4_0/qemu_prompt_bench_20260428T152031Z.json,bench/results/bench_matrix_20260428T152031Z/ci-airgap-smoke_synthetic-smoke_Q4_0/qemu_prompt_bench_latest.json,bench/results/bench_matrix_20260428T172755Z/ci-airgap-smoke_synthetic-smoke_Q4_0/qemu_prompt_bench_20260428T172755Z.json,bench/results/bench_matrix_20260428T172755Z/ci-airgap-smoke_synthetic-smoke_Q4_0/qemu_prompt_bench_latest.json,bench/results/bench_matrix_20260428T200733Z/ci-airgap-smoke_synthetic-smoke_Q4_0/qemu_prompt_bench_20260428T200733Z.json,bench/results/bench_matrix_20260428T200733Z/ci-airgap-smoke_synthetic-smoke_Q4_0/qemu_prompt_bench_latest.json,bench/results/bench_matrix_20260428T225257Z/ci-airgap-smoke_synthetic-smoke_Q4_0/qemu_prompt_bench_20260428T225257Z.json,bench/results/bench_matrix_20260428T225257Z/ci-airgap-smoke_synthetic-smoke_Q4_0/qemu_prompt_bench_latest.json,bench/results/bench_matrix_20260429T094455Z/ci-airgap-smoke_synthetic-smoke_Q4_0/qemu_prompt_bench_20260429T094456Z.json,bench/results/bench_matrix_20260429T094455Z/ci-airgap-smoke_synthetic-smoke_Q4_0/qemu_prompt_bench_latest.json,bench/results/bench_matrix_latest.json,bench/results/qemu_prompt_bench_20260428T153243Z.json,bench/results/qemu_prompt_bench_20260428T223835Z.json,bench/results/qemu_prompt_bench_20260429T015022Z.json,bench/results/qemu_prompt_bench_20260429T020052Z.json,bench/results/qemu_prompt_bench_20260429T024845Z.json,bench/results/qemu_prompt_bench_20260429T032337Z.json,bench/results/qemu_prompt_bench_20260429T041410Z.json,bench/results/qemu_prompt_bench_20260429T060039Z.json,bench/results/qemu_prompt_bench_20260429T062942Z.json,bench/results/qemu_prompt_bench_20260429T065359Z.json,bench/results/qemu_prompt_bench_20260429T102512Z.json,bench/results/qemu_prompt_bench_20260429T103312Z.json,bench/results/qemu_prompt_bench_latest.json"
ci-airgap-smoke/synthetic-smoke/Q8_0/68fc621f9f3916e73aa05b83ba0fa8da9f3cffad22a1c29f5acf8980d8dd743a,launch_plan_sha256,"0e6e0a7f4f79bd3404fa242861cd90d1b5e7ec08fce24797dc36bddcb8535a86,missing",25,"5025377e127c,6a8bc0e18988,750b69927e30,825b6d95f7f1,9bcc18706a99,b397ba037624,c8e896a45950,d1ee8f0158c3,f884c29d4b92,fd1f1247258a,ff0cb4429e89","bench/results/bench_matrix_20260428T062013Z/ci-airgap-smoke_synthetic-smoke_Q8_0/qemu_prompt_bench_20260428T062015Z.json,bench/results/bench_matrix_20260428T062013Z/ci-airgap-smoke_synthetic-smoke_Q8_0/qemu_prompt_bench_latest.json,bench/results/bench_matrix_20260428T105611Z/ci-airgap-smoke_synthetic-smoke_Q8_0/qemu_prompt_bench_20260428T105614Z.json,bench/results/bench_matrix_20260428T105611Z/ci-airgap-smoke_synthetic-smoke_Q8_0/qemu_prompt_bench_latest.json,bench/results/bench_matrix_20260428T132709Z/ci-airgap-smoke_synthetic-smoke_Q8_0/qemu_prompt_bench_20260428T132724Z.json,bench/results/bench_matrix_20260428T132709Z/ci-airgap-smoke_synthetic-smoke_Q8_0/qemu_prompt_bench_latest.json,bench/results/bench_matrix_20260428T133552Z/ci-airgap-smoke_synthetic-smoke_Q8_0/qemu_prompt_bench_20260428T133554Z.json,bench/results/bench_matrix_20260428T133552Z/ci-airgap-smoke_synthetic-smoke_Q8_0/qemu_prompt_bench_latest.json,bench/results/bench_matrix_20260428T143936Z/ci-airgap-smoke_synthetic-smoke_Q8_0/qemu_prompt_bench_20260428T143940Z.json,bench/results/bench_matrix_20260428T143936Z/ci-airgap-smoke_synthetic-smoke_Q8_0/qemu_prompt_bench_latest.json,bench/results/bench_matrix_20260428T144908Z/ci-airgap-smoke_synthetic-smoke_Q8_0/qemu_prompt_bench_20260428T144909Z.json,bench/results/bench_matrix_20260428T144908Z/ci-airgap-smoke_synthetic-smoke_Q8_0/qemu_prompt_bench_latest.json,bench/results/bench_matrix_20260428T150609Z/ci-airgap-smoke_synthetic-smoke_Q8_0/qemu_prompt_bench_20260428T150613Z.json,bench/results/bench_matrix_20260428T150609Z/ci-airgap-smoke_synthetic-smoke_Q8_0/qemu_prompt_bench_latest.json,bench/results/bench_matrix_20260428T152031Z/ci-airgap-smoke_synthetic-smoke_Q8_0/qemu_prompt_bench_20260428T152032Z.json,bench/results/bench_matrix_20260428T152031Z/ci-airgap-smoke_synthetic-smoke_Q8_0/qemu_prompt_bench_latest.json,bench/results/bench_matrix_20260428T172755Z/ci-airgap-smoke_synthetic-smoke_Q8_0/qemu_prompt_bench_20260428T172756Z.json,bench/results/bench_matrix_20260428T172755Z/ci-airgap-smoke_synthetic-smoke_Q8_0/qemu_prompt_bench_latest.json,bench/results/bench_matrix_20260428T200733Z/ci-airgap-smoke_synthetic-smoke_Q8_0/qemu_prompt_bench_20260428T200733Z.json,bench/results/bench_matrix_20260428T200733Z/ci-airgap-smoke_synthetic-smoke_Q8_0/qemu_prompt_bench_latest.json,bench/results/bench_matrix_20260428T225257Z/ci-airgap-smoke_synthetic-smoke_Q8_0/qemu_prompt_bench_20260428T225257Z.json,bench/results/bench_matrix_20260428T225257Z/ci-airgap-smoke_synthetic-smoke_Q8_0/qemu_prompt_bench_latest.json,bench/results/bench_matrix_20260429T094455Z/ci-airgap-smoke_synthetic-smoke_Q8_0/qemu_prompt_bench_20260429T094456Z.json,bench/results/bench_matrix_20260429T094455Z/ci-airgap-smoke_synthetic-smoke_Q8_0/qemu_prompt_bench_latest.json,bench/results/bench_matrix_latest.json"
-/-/-/68fc621f9f3916e73aa05b83ba0fa8da9f3cffad22a1c29f5acf8980d8dd743a,environment_sha256,"21a5fe5c0e2f1cbdfbc4f36f4a5326cb6145cbf77763b3401df2b5c1619f420d,2d0889b4ce572b0243ae298f219a9b16ad3b70221b9b4cd015f974a9147a489d",5,,"bench/results/qemu_prompt_bench_dry_run_20260428T223047Z.json,bench/results/qemu_prompt_bench_dry_run_20260428T231332Z.json,bench/results/qemu_prompt_bench_dry_run_20260429T032337Z.json,bench/results/qemu_prompt_bench_dry_run_20260429T133647Z.json,bench/results/qemu_prompt_bench_dry_run_latest.json"
ci-airgap-smoke/synthetic-smoke/Q4_0/68fc621f9f3916e73aa05b83ba0fa8da9f3cffad22a1c29f5acf8980d8dd743a,environment_sha256,"199928d2258262b2ca80e491fc637902d45ca3695c316aef71615539bffafad7,21a5fe5c0e2f1cbdfbc4f36f4a5326cb6145cbf77763b3401df2b5c1619f420d,missing",25,"04ebfd55f75c,11606add1d46,181a607ff1c6,1bd6822f408f,3669b227bc52,5025377e127c,6b0ce9e72312,750b69927e30,7aae33645cab,825b6d95f7f1,a1b8bfdc89b1,b091c33043ad,b397ba037624,c758f266b83c,de3a1b82f5eb,fbd5f28e06c8,ff0cb4429e89","bench/results/bench_matrix_20260428T150609Z/ci-airgap-smoke_synthetic-smoke_Q4_0/qemu_prompt_bench_latest.json,bench/results/bench_matrix_20260428T152031Z/ci-airgap-smoke_synthetic-smoke_Q4_0/qemu_prompt_bench_20260428T152031Z.json,bench/results/bench_matrix_20260428T152031Z/ci-airgap-smoke_synthetic-smoke_Q4_0/qemu_prompt_bench_latest.json,bench/results/bench_matrix_20260428T172755Z/ci-airgap-smoke_synthetic-smoke_Q4_0/qemu_prompt_bench_20260428T172755Z.json,bench/results/bench_matrix_20260428T172755Z/ci-airgap-smoke_synthetic-smoke_Q4_0/qemu_prompt_bench_latest.json,bench/results/bench_matrix_20260428T200733Z/ci-airgap-smoke_synthetic-smoke_Q4_0/qemu_prompt_bench_20260428T200733Z.json,bench/results/bench_matrix_20260428T200733Z/ci-airgap-smoke_synthetic-smoke_Q4_0/qemu_prompt_bench_latest.json,bench/results/bench_matrix_20260428T225257Z/ci-airgap-smoke_synthetic-smoke_Q4_0/qemu_prompt_bench_20260428T225257Z.json,bench/results/bench_matrix_20260428T225257Z/ci-airgap-smoke_synthetic-smoke_Q4_0/qemu_prompt_bench_latest.json,bench/results/bench_matrix_20260429T094455Z/ci-airgap-smoke_synthetic-smoke_Q4_0/qemu_prompt_bench_20260429T094456Z.json,bench/results/bench_matrix_20260429T094455Z/ci-airgap-smoke_synthetic-smoke_Q4_0/qemu_prompt_bench_latest.json,bench/results/bench_matrix_latest.json,bench/results/qemu_prompt_bench_20260428T153243Z.json,bench/results/qemu_prompt_bench_20260428T223835Z.json,bench/results/qemu_prompt_bench_20260429T015022Z.json,bench/results/qemu_prompt_bench_20260429T020052Z.json,bench/results/qemu_prompt_bench_20260429T024845Z.json,bench/results/qemu_prompt_bench_20260429T032337Z.json,bench/results/qemu_prompt_bench_20260429T041410Z.json,bench/results/qemu_prompt_bench_20260429T060039Z.json,bench/results/qemu_prompt_bench_20260429T062942Z.json,bench/results/qemu_prompt_bench_20260429T065359Z.json,bench/results/qemu_prompt_bench_20260429T102512Z.json,bench/results/qemu_prompt_bench_20260429T103312Z.json,bench/results/qemu_prompt_bench_latest.json"
ci-airgap-smoke/synthetic-smoke/Q8_0/68fc621f9f3916e73aa05b83ba0fa8da9f3cffad22a1c29f5acf8980d8dd743a,environment_sha256,"199928d2258262b2ca80e491fc637902d45ca3695c316aef71615539bffafad7,missing",25,"5025377e127c,6a8bc0e18988,750b69927e30,825b6d95f7f1,9bcc18706a99,b397ba037624,c8e896a45950,d1ee8f0158c3,f884c29d4b92,fd1f1247258a,ff0cb4429e89","bench/results/bench_matrix_20260428T062013Z/ci-airgap-smoke_synthetic-smoke_Q8_0/qemu_prompt_bench_20260428T062015Z.json,bench/results/bench_matrix_20260428T062013Z/ci-airgap-smoke_synthetic-smoke_Q8_0/qemu_prompt_bench_latest.json,bench/results/bench_matrix_20260428T105611Z/ci-airgap-smoke_synthetic-smoke_Q8_0/qemu_prompt_bench_20260428T105614Z.json,bench/results/bench_matrix_20260428T105611Z/ci-airgap-smoke_synthetic-smoke_Q8_0/qemu_prompt_bench_latest.json,bench/results/bench_matrix_20260428T132709Z/ci-airgap-smoke_synthetic-smoke_Q8_0/qemu_prompt_bench_20260428T132724Z.json,bench/results/bench_matrix_20260428T132709Z/ci-airgap-smoke_synthetic-smoke_Q8_0/qemu_prompt_bench_latest.json,bench/results/bench_matrix_20260428T133552Z/ci-airgap-smoke_synthetic-smoke_Q8_0/qemu_prompt_bench_20260428T133554Z.json,bench/results/bench_matrix_20260428T133552Z/ci-airgap-smoke_synthetic-smoke_Q8_0/qemu_prompt_bench_latest.json,bench/results/bench_matrix_20260428T143936Z/ci-airgap-smoke_synthetic-smoke_Q8_0/qemu_prompt_bench_20260428T143940Z.json,bench/results/bench_matrix_20260428T143936Z/ci-airgap-smoke_synthetic-smoke_Q8_0/qemu_prompt_bench_latest.json,bench/results/bench_matrix_20260428T144908Z/ci-airgap-smoke_synthetic-smoke_Q8_0/qemu_prompt_bench_20260428T144909Z.json,bench/results/bench_matrix_20260428T144908Z/ci-airgap-smoke_synthetic-smoke_Q8_0/qemu_prompt_bench_latest.json,bench/results/bench_matrix_20260428T150609Z/ci-airgap-smoke_synthetic-smoke_Q8_0/qemu_prompt_bench_20260428T150613Z.json,bench/results/bench_matrix_20260428T150609Z/ci-airgap-smoke_synthetic-smoke_Q8_0/qemu_prompt_bench_latest.json,bench/results/bench_matrix_20260428T152031Z/ci-airgap-smoke_synthetic-smoke_Q8_0/qemu_prompt_bench_20260428T152032Z.json,bench/results/bench_matrix_20260428T152031Z/ci-airgap-smoke_synthetic-smoke_Q8_0/qemu_prompt_bench_latest.json,bench/results/bench_matrix_20260428T172755Z/ci-airgap-smoke_synthetic-smoke_Q8_0/qemu_prompt_bench_20260428T172756Z.json,bench/results/bench_matrix_20260428T172755Z/ci-airgap-smoke_synthetic-smoke_Q8_0/qemu_prompt_bench_latest.json,bench/results/bench_matrix_20260428T200733Z/ci-airgap-smoke_synthetic-smoke_Q8_0/qemu_prompt_bench_20260428T200733Z.json,bench/results/bench_matrix_20260428T200733Z/ci-airgap-smoke_synthetic-smoke_Q8_0/qemu_prompt_bench_latest.json,bench/results/bench_matrix_20260428T225257Z/ci-airgap-smoke_synthetic-smoke_Q8_0/qemu_prompt_bench_20260428T225257Z.json,bench/results/bench_matrix_20260428T225257Z/ci-airgap-smoke_synthetic-smoke_Q8_0/qemu_prompt_bench_latest.json,bench/results/bench_matrix_20260429T094455Z/ci-airgap-smoke_synthetic-smoke_Q8_0/qemu_prompt_bench_20260429T094456Z.json,bench/results/bench_matrix_20260429T094455Z/ci-airgap-smoke_synthetic-smoke_Q8_0/qemu_prompt_bench_latest.json,bench/results/bench_matrix_latest.json"
synthetic-airgap-smoke/synthetic-smoke/Q4_0/68fc621f9f3916e73aa05b83ba0fa8da9f3cffad22a1c29f5acf8980d8dd743a,environment_sha256,"21a5fe5c0e2f1cbdfbc4f36f4a5326cb6145cbf77763b3401df2b5c1619f420d,missing",21,"1588059f2388,36f90ed16742,3d5824a5de05,4981d42b1a52,756c0a850ab9,757d8ba7addc,786eee1bfa27,825b6d95f7f1,9305c9617dbe,9bcc18706a99,b1e55ed7d43f,b5c013b1b596,b943c38d923f,ba875d39995e,cd2ef624364d,d1ee8f0158c3,d580dff2e3e3,e4b0c6c494ee,ea55b6ea98dd,ec4b6dde4fd6,fc1728848aad","bench/results/qemu_prompt_bench_20260427T200233Z.json,bench/results/qemu_prompt_bench_20260427T220828Z.json,bench/results/qemu_prompt_bench_20260427T221951Z.json,bench/results/qemu_prompt_bench_20260427T231904Z.json,bench/results/qemu_prompt_bench_20260427T233253Z.json,bench/results/qemu_prompt_bench_20260427T234033Z.json,bench/results/qemu_prompt_bench_20260428T000110Z.json,bench/results/qemu_prompt_bench_20260428T000650Z.json,bench/results/qemu_prompt_bench_20260428T024600Z.json,bench/results/qemu_prompt_bench_20260428T044520Z.json,bench/results/qemu_prompt_bench_20260428T045336Z.json,bench/results/qemu_prompt_bench_20260428T051723Z.json,bench/results/qemu_prompt_bench_20260428T061952Z.json,bench/results/qemu_prompt_bench_20260428T124220Z.json,bench/results/qemu_prompt_bench_20260428T125149Z.json,bench/results/qemu_prompt_bench_20260428T134519Z.json,bench/results/qemu_prompt_bench_20260428T142810Z.json,bench/results/qemu_prompt_bench_20260428T143901Z.json,bench/results/qemu_prompt_bench_20260428T225239Z.json,bench/results/qemu_prompt_bench_20260428T231320Z.json,bench/results/qemu_prompt_bench_20260429T012002Z.json"
